article_id,store_id,prediction
590000086,2000,1065.7092
590000086,2008,1182.5125
590000086,2012,950.3645
590000086,2021,1842.7396
590000086,2107,1311.889
590000086,2133,1248.5336
590000086,2137,865.4409
590000086,2268,1161.1663
590000086,2278,1858.4994
590000086,2380,224.52278
590000086,2425,302.71002
590000086,2605,312.41486
590000086,2614,157.39253
590000086,2763,118.2949
590000086,2796,1179.0571
590000086,2797,798.2933
590000086,2836,1271.873
590000086,2850,2145.1702
590000086,2852,2033.5599
590000086,2856,307.81058
590000086,2894,1221.6072
590000086,2904,1737.1577
590000086,2910,1478.9165
590000086,2927,469.36053
590000086,3053,716.0637
590000086,3078,1172.6764
590000086,3080,1252.6263
590000086,TJF0,995.97644
590000086,TZ33,1174.4156
590000086,U065,1.4017102
590000086,U155,634.2847
590000086,U162,696.22644
590000086,U165,172.69218
590000086,U167,183.0243
590000086,U182,387.80072
590000086,U193,1132.1787
590000086,U19S,1309.5396
590000086,U1V5,191.51831
590000086,U304,1240.3713
590000086,U311,383.139
590000086,U312,505.846
590000086,U313,1187.8029
590000086,U328,1189.3501
590000086,U339,88.00802
590000086,U355,583.3713
590000086,U368,506.14755
590000086,U371,192.96597
590000086,U384,843.14124
590000086,U423,609.40845
590000086,U456,305.6245
590000086,U482,1418.0369
590000086,U505,183.82578
590000086,U527,206.88495
590000086,U538,155.9785
590000086,U546,178.20518
590000086,U658,534.1557
590000086,U889,340.1105
590000086,U980,134.9584
590000087,2000,566.9908
590000087,2008,396.10645
590000087,2012,230.09554
590000087,2021,1000.02515
590000087,2107,475.54047
590000087,2268,195.96146
590000087,2278,7.7291837
590000087,2380,302.58566
590000087,2614,231.77121
590000087,2865,293.33713
590000087,2904,664.03375
590000087,2927,183.92676
590000087,U155,182.26242
590000087,U162,219.88235
590000087,U182,70.798454
590000087,U193,258.09387
590000087,U313,175.43585
590000087,U328,476.06696
590000087,U339,7.027588e-05
590000087,U368,115.43402
590000087,U384,39.91749
590000087,U456,25.632643
590000087,U569,70.66545
590000087,U658,318.32043
590000088,2107,2.7818285e-06
590000088,U658,2.2223614e-16
590000089,U162,0.42021996
590000089,U980,0.0048763547
590000090,2000,868.1288
590000090,2008,434.57617
590000090,2012,394.91196
590000090,2021,898.90326
590000090,2107,652.73865
590000090,2133,271.41708
590000090,2137,274.57156
590000090,2268,134.51562
590000090,2278,5.1620836
590000090,2325,0.01580144
590000090,2380,441.07092
590000090,2425,161.70958
590000090,2605,130.5617
590000090,2614,407.02463
590000090,2763,178.57588
590000090,2796,211.28558
590000090,2797,153.59975
590000090,2836,396.20584
590000090,2850,411.69266
590000090,2856,76.86173
590000090,2865,453.6642
590000090,2894,248.24554
590000090,2904,603.7493
590000090,2910,847.65344
590000090,2927,192.92552
590000090,3053,367.87973
590000090,3078,299.49332
590000090,3080,273.1453
590000090,TJF0,79.434784
590000090,TZ33,331.026
590000090,U155,150.14777
590000090,U162,377.81174
590000090,U165,98.42029
590000090,U182,58.362
590000090,U193,291.54324
590000090,U19S,260.69418
590000090,U304,220.56636
590000090,U312,78.288315
590000090,U313,219.95007
590000090,U328,346.4883
590000090,U339,7.3633776
590000090,U368,123.40983
590000090,U371,1.0249314e-06
590000090,U384,24.436275
590000090,U456,4.9085474
590000090,U482,524.99066
590000090,U527,135.10257
590000090,U546,149.88065
590000090,U569,88.34082
590000090,U658,399.2804
590000090,U889,175.67345
590000091,2000,2051.3208
590000091,2008,1261.789
590000091,2012,1311.1971
590000091,2021,2985.184
590000091,2107,2327.9565
590000091,2133,959.0437
590000091,2137,1075.759
590000091,2380,199.40034
590000091,2425,325.41464
590000091,2605,154.74794
590000091,2614,160.71336
590000091,2763,121.97278
590000091,2796,628.71936
590000091,2797,725.5149
590000091,2836,1163.3859
590000091,2850,1779.4316
590000091,2852,1661.365
590000091,2856,251.9788
590000091,2865,204.16364
590000091,2894,1554.4409
590000091,2904,2420.1917
590000091,2910,1034.8798
590000091,2927,827.98773
590000091,3053,853.30664
590000091,3078,884.77216
590000091,3080,1644.264
590000091,TJF0,1087.855
590000091,TZ33,1122.4285
590000091,U155,1122.9436
590000091,U162,1114.3593
590000091,U165,256.98135
590000091,U182,397.58453
590000091,U193,1227.7797
590000091,U19S,1503.8356
590000091,U1V5,196.72789
590000091,U304,724.4856
590000091,U312,1516.921
590000091,U313,854.59644
590000091,U328,1547.1797
590000091,U355,492.47675
590000091,U368,814.8977
590000091,U482,1510.1216
590000091,U527,233.42398
590000091,U546,211.44879
590000091,U569,72.42333
590000091,U658,1059.2
590000091,U889,186.62608
590000092,2000,21.218493
590000092,2012,19.394045
590000092,2021,16.617046
590000092,2107,32.096916
590000092,2133,1643.7888
590000092,2137,1220.8184
590000092,2268,1079.7042
590000092,2278,958.33563
590000092,2325,246.89679
590000092,2380,445.15164
590000092,2425,883.8518
590000092,2568,315.06592
590000092,2587,167.86708
590000092,2605,367.65448
590000092,2614,394.98715
590000092,2763,158.71338
590000092,2796,869.3737
590000092,2797,702.7292
590000092,2836,1612.9681
590000092,2850,1849.0787
590000092,2852,2302.4897
590000092,2856,517.9019
590000092,2865,348.37265
590000092,2894,1739.6368
590000092,2899,189.77466
590000092,2910,1264.2383
590000092,2927,11.35694
590000092,3053,1290.4618
590000092,3078,735.08673
590000092,3080,646.43677
590000092,TJF0,793.39905
590000092,TZ33,1413.637
590000092,TZ78,201.83902
590000092,U065,114.93922
590000092,U155,26.892042
590000092,U165,226.0524
590000092,U167,56.370262
590000092,U168,166.44754
590000092,U193,41.592888
590000092,U19S,939.11646
590000092,U1V5,122.651825
590000092,U1WQ,67.90764
590000092,U301,182.66797
590000092,U304,550.4898
590000092,U311,133.7541
590000092,U313,18.171255
590000092,U328,36.810875
590000092,U339,101.12572
590000092,U355,538.6321
590000092,U368,8.024751
590000092,U371,182.54263
590000092,U384,649.18463
590000092,U423,632.23267
590000092,U456,359.57904
590000092,U482,816.4453
590000092,U505,133.56612
590000092,U527,268.179
590000092,U538,153.33147
590000092,U546,528.9277
590000092,U569,147.44614
590000092,U658,11.016142
590000092,U889,298.24738
590000092,U980,60.517094
590000094,2133,33.26654
590000094,2137,22.693022
590000094,2268,32.618927
590000094,2278,30.878386
590000094,2316,1.5577011
590000094,2325,67.33562
590000094,2587,93.10958
590000094,2605,10.133621
590000094,2796,31.454838
590000094,2836,88.6322
590000094,2850,81.55228
590000094,2852,53.33008
590000094,2894,8.355431
590000094,2899,74.357574
590000094,2910,24.476215
590000094,3078,17.580513
590000094,3080,29.98252
590000094,TJF0,29.792046
590000094,TZ33,62.386745
590000094,TZ78,56.118305
590000094,U168,31.149479
590000094,U19S,15.183188
590000094,U301,209.35284
590000094,U312,1.6261463
590000094,U423,23.769709
590000094,U482,45.76575
590000094,U505,131.05957
590000094,U980,18.66424
590000095,2133,53.703266
590000095,2137,32.82573
590000095,2605,2.2222222e-16
590000095,2796,34.335613
590000095,2797,22.677877
590000095,2836,82.56513
590000095,2850,94.30816
590000095,2852,68.10391
590000095,2894,60.8133
590000095,2910,37.309494
590000095,3053,43.53214
590000095,3080,72.20546
590000095,TJF0,30.08245
590000095,TZ33,44.00944
590000095,U19S,57.155098
590000095,U304,53.1634
590000095,U355,34.744797
590000095,U482,84.36453
590000095,U546,22.303461
590000096,2107,27.926304
590000096,2137,14.362784
590000096,2605,26.6741
590000096,2904,29.397514
590000096,TZ33,16.800997
590000099,2133,43.204643
590000099,2137,52.952305
590000099,2796,50.118496
590000099,2836,44.135357
590000099,2850,55.115616
590000099,2852,70.59216
590000099,2894,50.527126
590000099,2910,27.392527
590000099,3053,34.587727
590000099,3078,38.83313
590000099,3080,41.48713
590000099,TJF0,20.714437
590000099,TZ33,70.79634
590000099,U19S,32.01913
590000099,U304,40.36825
590000099,U355,35.769314
590000099,U482,45.951244
590000099,U546,26.394783
590000099,U889,67.55299
590000100,2021,7.403855
590000100,2278,18.49057
590000100,2425,26.550026
590000102,2836,0.077603124
590000103,U482,7.240274
590000104,2021,7.269405e-07
590000107,2137,2.2225335e-16
590000107,U482,0.15983838
590000108,2021,0.73247707
590000108,2852,7.3622417
590000108,2910,0.9658136
590000108,U304,1.8317256
590000108,U482,5.1674833
590000109,3078,7.97715
590000109,U304,1.2658646e-05
590000109,U482,10.47069
590000110,2836,5.831531
590000110,2852,7.2611904
590000110,3078,3.198944
590000110,U304,0.014382054
590000110,U482,10.844288
590000111,2836,0.8836367
590000111,TJF0,3.6263115
590000111,TZ33,10.684902
590000111,U482,7.2881036
590000112,2000,404.69928
590000112,2012,293.6119
590000112,2021,578.90173
590000112,2107,313.383
590000112,2904,139.79585
590000112,U155,86.38164
590000112,U162,146.06276
590000112,U313,135.84396
590000112,U328,141.18042
590000116,2133,6.3590403
590000116,2137,13.508521
590000116,2836,17.056398
590000116,2852,121.38246
590000116,2894,32.383526
590000116,2910,79.02794
590000116,3053,132.38722
590000116,U328,22.689804
590000116,U482,92.734024
590000117,2000,794.4545
590000117,2008,407.41873
590000117,2012,519.0392
590000117,2021,1045.0437
590000117,2107,602.4438
590000117,2133,773.6415
590000117,2137,655.6505
590000117,2268,150.50412
590000117,2278,214.70985
590000117,2796,690.9481
590000117,2797,318.90994
590000117,2836,890.6345
590000117,2850,1306.8917
590000117,2852,1392.4475
590000117,2894,613.62445
590000117,2904,525.6011
590000117,2910,872.91
590000117,3053,843.98724
590000117,3078,469.79465
590000117,3080,1037.0172
590000117,TJF0,584.5724
590000117,TZ33,1038.1218
590000117,U155,237.40794
590000117,U162,421.01514
590000117,U193,303.34375
590000117,U19S,602.7283
590000117,U304,477.32913
590000117,U312,136.29297
590000117,U313,367.52222
590000117,U328,419.70807
590000117,U355,290.26147
590000117,U384,123.30344
590000117,U423,111.79643
590000117,U482,1054.9196
590000117,U546,43.017693
590000118,2021,1.5771072
590000118,U482,14.08518
590000121,2000,843.222
590000121,2012,487.96143
590000121,2021,1243.1044
590000121,2107,609.8034
590000121,2850,0.08530177
590000121,2904,462.96936
590000121,U155,371.46182
590000121,U162,432.80554
590000121,U193,303.31332
590000121,U312,259.4951
590000121,U313,248.93472
590000121,U328,576.1375
590000121,U368,177.14975
590000121,U658,273.0738
590000123,2000,403.07355
590000123,2012,288.2834
590000123,2021,532.60364
590000123,2107,107.41456
590000123,2904,105.2731
590000123,U328,83.53324
590000124,2000,868.5636
590000124,2008,363.3749
590000124,2012,460.79276
590000124,2021,1150.5118
590000124,2107,820.9404
590000124,2904,442.78705
590000124,U155,136.81776
590000124,U162,451.03336
590000124,U193,266.60168
590000124,U312,198.85051
590000124,U313,318.60413
590000124,U328,355.56323
590000124,U658,235.62816
590000125,2133,265.9158
590000125,2137,284.87415
590000125,2796,137.88585
590000125,2797,25.42143
590000125,2836,507.6969
590000125,2850,711.9086
590000125,2852,305.96622
590000125,2894,109.018555
590000125,2910,121.881805
590000125,3053,370.69888
590000125,3078,198.77275
590000125,3080,573.3874
590000125,TJF0,93.87024
590000125,TZ33,230.29599
590000125,U482,243.19176
590000126,2000,17.060226
590000126,2008,13.55656
590000126,2012,17.589508
590000126,2107,17.07437
590000126,2133,32.93636
590000126,2137,48.50763
590000126,2796,18.100376
590000126,2797,12.271924
590000126,2836,55.245193
590000126,2850,55.895866
590000126,2852,66.08088
590000126,2894,37.44039
590000126,2904,25.406054
590000126,2910,24.933832
590000126,2927,17.77485
590000126,3053,53.032978
590000126,3078,18.43774
590000126,3080,50.83243
590000126,TJF0,17.354797
590000126,TZ33,45.457733
590000126,U162,12.727667
590000126,U193,20.167702
590000126,U19S,21.108
590000126,U304,15.818739
590000126,U328,13.250524
590000126,U355,14.308827
590000126,U482,49.50238
590000127,2425,5.3729405
590000127,2605,8.436759
590000127,2856,31.16394
590000128,2133,992.6736
590000128,2137,870.512
590000128,2278,3.8953164
590000128,2796,880.3558
590000128,2797,218.82045
590000128,2836,1387.0925
590000128,2850,1933.5681
590000128,2852,1664.0865
590000128,2894,865.8123
590000128,2910,870.64465
590000128,3053,1384.7993
590000128,3078,1242.4966
590000128,3080,1000.91016
590000128,TJF0,827.7124
590000128,TZ33,1135.1709
590000128,U19S,397.06662
590000128,U304,680.5828
590000128,U355,284.1561
590000128,U482,1202.0488
590000128,U546,97.22127
590000129,2000,234.58333
590000129,2008,81.20274
590000129,2012,137.66742
590000129,2021,289.0677
590000129,2107,155.4073
590000129,2133,254.17676
590000129,2137,177.93312
590000129,2268,55.720066
590000129,2278,37.129414
590000129,2796,167.7296
590000129,2797,96.2213
590000129,2836,319.4233
590000129,2850,342.72656
590000129,2852,448.8174
590000129,2894,121.0112
590000129,2904,176.19043
590000129,2910,166.51645
590000129,2927,85.70421
590000129,3053,213.77026
590000129,3078,158.38165
590000129,3080,267.2352
590000129,TJF0,101.20264
590000129,TZ33,236.08626
590000129,TZ78,3.7836897
590000129,U155,59.970467
590000129,U162,96.8042
590000129,U193,92.965614
590000129,U19S,118.793495
590000129,U301,2.1323967
590000129,U304,132.14386
590000129,U312,165.53438
590000129,U313,59.035877
590000129,U328,100.48108
590000129,U355,104.664795
590000129,U368,42.035976
590000129,U384,34.507263
590000129,U423,37.803844
590000129,U482,260.44992
590000129,U546,8.8663
590000129,U658,127.03195
590000130,2107,2.222327e-16
590000131,2000,68.72091
590000131,2008,15.069791
590000131,2012,33.07863
590000131,2021,122.38193
590000131,2107,51.53099
590000131,2133,129.8923
590000131,2137,115.76378
590000131,2268,1.5697948
590000131,2278,2.222317e-16
590000131,2316,9.496952
590000131,2325,35.440643
590000131,2380,21.678846
590000131,2425,60.26957
590000131,2568,26.653154
590000131,2587,17.381762
590000131,2605,27.33565
590000131,2614,10.957441
590000131,2763,17.624903
590000131,2796,157.12555
590000131,2797,64.584816
590000131,2836,186.66159
590000131,2850,244.77104
590000131,2852,225.74625
590000131,2856,33.85018
590000131,2865,24.864758
590000131,2894,69.656166
590000131,2899,26.316298
590000131,2904,96.96541
590000131,2910,106.261055
590000131,2927,42.29302
590000131,3053,116.86776
590000131,3078,134.78629
590000131,3080,144.8277
590000131,TJF0,76.91316
590000131,TZ33,122.99443
590000131,TZ78,37.381992
590000131,U065,14.164682
590000131,U162,4.3299937
590000131,U165,30.454687
590000131,U167,13.463724
590000131,U168,10.721468
590000131,U193,6.7087173
590000131,U19S,163.10202
590000131,U1V5,23.94206
590000131,U1WQ,12.587395
590000131,U301,27.928564
590000131,U304,114.38352
590000131,U311,18.870691
590000131,U312,46.629047
590000131,U313,55.03375
590000131,U328,11.071621
590000131,U339,15.145101
590000131,U355,67.72206
590000131,U368,38.001675
590000131,U371,9.846205
590000131,U384,20.827265
590000131,U423,26.597097
590000131,U456,20.437372
590000131,U482,163.00168
590000131,U505,15.944175
590000131,U527,19.399445
590000131,U546,36.85797
590000131,U569,9.4494915
590000131,U658,47.53873
590000131,U889,46.320858
590000131,U980,3.630738
590000132,2000,57.50278
590000132,2008,8.901005
590000132,2012,21.64388
590000132,2021,112.239555
590000132,2107,32.301548
590000132,2133,194.4419
590000132,2137,148.664
590000132,2268,28.420698
590000132,2278,6.66994
590000132,2325,45.349686
590000132,2380,2.2220287e-16
590000132,2568,36.6312
590000132,2605,2.2222566e-16
590000132,2796,161.22227
590000132,2797,115.77783
590000132,2836,270.1898
590000132,2850,287.79993
590000132,2852,210.07849
590000132,2865,2.2223786e-16
590000132,2894,117.082436
590000132,2904,56.060425
590000132,2910,101.99317
590000132,2927,25.264067
590000132,3053,183.64201
590000132,3078,192.09688
590000132,3080,214.22475
590000132,TJF0,90.80372
590000132,TZ33,156.86945
590000132,TZ78,48.01781
590000132,U162,9.41865
590000132,U168,12.304323
590000132,U19S,193.9641
590000132,U301,29.233124
590000132,U304,132.37402
590000132,U311,30.426327
590000132,U312,27.749016
590000132,U313,42.333305
590000132,U328,22.664686
590000132,U355,75.626686
590000132,U368,15.564946
590000132,U371,23.006517
590000132,U384,78.60744
590000132,U423,77.67051
590000132,U456,32.647633
590000132,U482,202.21355
590000132,U505,19.26987
590000132,U658,30.570644
590000133,U19S,2.2227854e-16
590000135,2012,2.2222375e-16
590000136,2000,2.222647e-16
590000136,2012,2.2224167e-16
590000136,2021,1.7670332e-06
590000136,2107,2.2226105e-16
590000136,2133,213.16699
590000136,2137,159.6288
590000136,2796,146.99695
590000136,2797,74.33792
590000136,2836,331.48828
590000136,2850,474.84537
590000136,2852,480.3815
590000136,2894,146.65987
590000136,2904,2.2228334e-16
590000136,2910,146.61516
590000136,3053,202.43195
590000136,3078,180.65831
590000136,3080,269.00128
590000136,TJF0,152.64131
590000136,TZ33,295.15274
590000136,U19S,105.21387
590000136,U304,102.07769
590000136,U355,90.09713
590000136,U482,242.42738
590000136,U889,50.988472
590000137,2137,25.645721
590000137,2325,19.938286
590000137,2797,13.769873
590000137,2836,50.611355
590000137,2850,46.359306
590000137,2852,51.152508
590000137,2894,11.640998
590000137,2910,9.79624
590000137,3053,8.266351
590000137,3078,31.149668
590000137,3080,30.62028
590000137,TJF0,21.99204
590000137,TZ78,15.42229
590000137,U304,33.018997
590000137,U889,19.541433
590000138,2000,176.02777
590000138,2008,77.57475
590000138,2012,77.175735
590000138,2021,92.068405
590000138,2107,53.44296
590000138,2133,50.636997
590000138,2137,98.1044
590000138,2268,49.068626
590000138,2278,90.32078
590000138,2425,46.808872
590000138,2605,23.696991
590000138,2796,61.740307
590000138,2797,25.695927
590000138,2836,100.760155
590000138,2850,128.03394
590000138,2852,113.320984
590000138,2894,51.105095
590000138,2904,85.117714
590000138,2910,49.411835
590000138,2927,35.451176
590000138,3053,67.55696
590000138,3078,57.747368
590000138,3080,91.13337
590000138,TJF0,43.939487
590000138,TZ33,84.17125
590000138,U162,84.84052
590000138,U193,70.30554
590000138,U19S,63.688488
590000138,U304,60.54976
590000138,U328,97.18402
590000138,U355,17.282465
590000138,U384,24.798685
590000138,U423,17.811443
590000138,U482,80.78403
590000138,U658,55.832397
590000138,U889,23.57036
590000140,2137,6.150664
590000140,2836,21.860764
590000140,2852,28.92356
590000140,TJF0,18.405577
590000140,U304,9.813123
590000140,U658,2.2224318e-16
590000141,2000,17.234701
590000141,2008,5.078615
590000141,2012,21.1805
590000141,2021,32.94784
590000141,2107,11.416704
590000141,2133,36.525528
590000141,2137,48.222332
590000141,2268,17.179613
590000141,2796,66.047844
590000141,2797,22.260715
590000141,2836,93.2378
590000141,2850,76.858154
590000141,2852,68.24388
590000141,2894,46.212227
590000141,2910,16.745848
590000141,3053,34.767952
590000141,3078,40.852245
590000141,3080,65.51654
590000141,TJF0,42.78165
590000141,TZ33,53.624397
590000141,TZ78,20.389114
590000141,U162,20.021505
590000141,U301,5.0543156
590000141,U304,44.670235
590000141,U312,19.021973
590000141,U371,5.594254
590000141,U384,14.097471
590000141,U423,19.954235
590000141,U482,55.1453
590000141,U546,16.528307
590000141,U889,20.58278
590000142,2380,105.83804
590000142,2425,343.26624
590000142,2605,152.25331
590000142,2614,113.87514
590000142,2763,80.33937
590000142,2856,101.57282
590000142,2865,103.805214
590000142,U165,94.37983
590000142,U1V5,84.426544
590000142,U527,82.56715
590000142,U569,40.858418
590000143,2000,142.1318
590000143,2008,76.797844
590000143,2012,86.43457
590000143,2021,181.81923
590000143,2107,112.8088
590000143,2133,311.54034
590000143,2137,204.32832
590000143,2268,23.058142
590000143,2278,111.57612
590000143,2325,49.567364
590000143,2380,122.845436
590000143,2425,201.89359
590000143,2605,188.6834
590000143,2614,79.96664
590000143,2763,37.66842
590000143,2796,168.94328
590000143,2797,136.50504
590000143,2836,405.65826
590000143,2850,411.61426
590000143,2852,458.3671
590000143,2856,130.70439
590000143,2865,107.917564
590000143,2894,139.16014
590000143,2904,93.72496
590000143,2910,240.26595
590000143,2927,55.47145
590000143,3053,288.1856
590000143,3078,176.02533
590000143,3080,321.44937
590000143,TJF0,155.43956
590000143,TZ33,302.17532
590000143,TZ78,27.221748
590000143,U155,51.513287
590000143,U162,78.53946
590000143,U165,77.04824
590000143,U167,20.807682
590000143,U168,14.605674
590000143,U18R,13.512126
590000143,U193,66.25999
590000143,U19S,217.29918
590000143,U1V5,70.40932
590000143,U301,30.846214
590000143,U304,156.77422
590000143,U312,73.07779
590000143,U313,50.21262
590000143,U328,47.914116
590000143,U355,105.8299
590000143,U368,38.578003
590000143,U371,25.27441
590000143,U384,71.5885
590000143,U423,83.46721
590000143,U456,29.694044
590000143,U482,231.72902
590000143,U527,63.877445
590000143,U538,25.867723
590000143,U546,12.257459
590000143,U569,26.839645
590000143,U658,59.654724
590000143,U889,66.19744
590000144,2325,6.401992
590000144,2836,2.222849e-16
590000144,TZ78,4.479456
590000144,U301,4.2125397
590000145,2325,7.0967603
590000145,TZ78,2.2818685
590000145,U301,6.426841
590000147,2268,54.264744
590000147,2910,68.843864
590000147,TZ33,62.350666
590000147,U384,37.109745
590000147,U423,49.21188
590000149,2012,31.783487
590000149,2021,32.79846
590000149,2107,46.5858
590000149,2904,21.051395
590000149,U193,8.492606
590000149,U312,3.3762023
590000149,U658,0.30542612
590000150,2133,118.5647
590000150,2137,76.750694
590000150,2796,36.619347
590000150,2836,113.09439
590000150,2850,162.18816
590000150,2852,245.23225
590000150,2894,38.30622
590000150,2910,62.63194
590000150,3053,162.07187
590000150,3078,29.009089
590000150,3080,78.99115
590000150,TJF0,30.851032
590000150,TZ33,198.14854
590000150,U19S,24.004656
590000150,U304,22.6979
590000150,U355,59.40948
590000150,U482,65.15502
590000154,2133,40.15585
590000154,2137,13.503688
590000154,2836,74.73037
590000154,2850,78.90563
590000154,2852,119.87228
590000154,2910,11.537755
590000154,3053,28.460974
590000154,3078,28.259033
590000154,3080,37.865807
590000154,TJF0,13.216623
590000154,TZ33,48.466747
590000154,U304,35.216705
590000154,U482,57.725765
590000155,2000,80.39172
590000155,2012,25.85964
590000155,2021,79.16746
590000155,2107,35.550037
590000155,2133,65.91848
590000155,2137,34.88165
590000155,2268,8.070296
590000155,2278,2.1888134
590000155,2797,7.8773327
590000155,2836,105.099724
590000155,2850,112.65082
590000155,2852,127.98554
590000155,2894,33.489418
590000155,2904,27.448952
590000155,2910,12.297355
590000155,2927,17.904802
590000155,3053,44.06545
590000155,3078,55.31003
590000155,3080,49.4565
590000155,TJF0,37.48138
590000155,TZ33,119.72557
590000155,U155,17.212915
590000155,U162,37.18959
590000155,U193,23.533796
590000155,U19S,29.813225
590000155,U304,54.586407
590000155,U312,48.063847
590000155,U313,0.0011007234
590000155,U328,22.732279
590000155,U355,45.75836
590000155,U368,9.501689
590000155,U384,6.487324
590000155,U423,24.283394
590000155,U482,64.56159
590000155,U658,31.819769
590000155,U889,19.642
590000156,2133,23.187668
590000156,2137,37.973774
590000156,2268,22.239231
590000156,2278,29.475555
590000156,2325,11.096453
590000156,2796,44.03525
590000156,2797,10.116163
590000156,2836,69.6281
590000156,2850,89.07188
590000156,2852,66.29138
590000156,2894,26.818027
590000156,2910,18.10715
590000156,3053,20.265934
590000156,3078,41.296585
590000156,3080,77.02146
590000156,TJF0,32.139267
590000156,TZ33,45.857246
590000156,TZ78,9.342461
590000156,U19S,21.516382
590000156,U301,2.2229088e-16
590000156,U304,53.238777
590000156,U355,11.191176
590000156,U482,92.30389
590000156,U546,6.1528844e-08
590000157,2000,66.84223
590000157,2008,26.572147
590000157,2012,36.73536
590000157,2021,88.14852
590000157,2107,70.63533
590000157,2137,7.659476e-06
590000157,2268,21.200312
590000157,2278,10.605558
590000157,2325,14.086199
590000157,2380,27.281088
590000157,2425,72.746864
590000157,2605,33.4709
590000157,2614,20.108532
590000157,2763,15.781884
590000157,2856,63.23241
590000157,2865,25.972502
590000157,2904,61.183388
590000157,2927,36.99842
590000157,TJF0,0.063962385
590000157,TZ78,19.689909
590000157,U155,18.346416
590000157,U162,55.033348
590000157,U165,18.213043
590000157,U193,37.531464
590000157,U1V5,18.862902
590000157,U301,12.945557
590000157,U312,63.254375
590000157,U313,32.241924
590000157,U328,39.952873
590000157,U368,25.237368
590000157,U384,24.959919
590000157,U423,20.528461
590000157,U482,9.010022
590000157,U527,13.753349
590000157,U658,26.977758
590000158,U423,18.63843
590000159,2133,4.591899
590000159,3080,2.5778575
590000159,U304,4.3412867
590000159,U355,0.0014427089
590000160,2133,180.56477
590000160,2137,190.78934
590000160,2796,131.64212
590000160,2797,136.42798
590000160,2836,286.8036
590000160,2850,391.46332
590000160,2852,403.65125
590000160,2894,169.5259
590000160,2910,135.2078
590000160,3053,155.06421
590000160,3078,173.99762
590000160,3080,238.66714
590000160,TJF0,114.95855
590000160,TZ33,264.1707
590000160,U19S,192.46642
590000160,U304,139.27193
590000160,U355,60.339775
590000160,U482,255.82317
590000160,U546,12.014882
590000161,2012,4.4136643
590000161,2021,27.166805
590000161,2133,75.758224
590000161,2137,71.440445
590000161,2278,54.399334
590000161,2325,82.8778
590000161,2587,15.104238
590000161,2796,82.540405
590000161,2836,125.37139
590000161,2850,188.04156
590000161,2852,140.48523
590000161,2894,36.65991
590000161,2910,25.701141
590000161,3053,35.689217
590000161,3078,72.00574
590000161,3080,178.30443
590000161,TJF0,79.56449
590000161,TZ33,92.06497
590000161,TZ78,51.004097
590000161,U19S,32.129112
590000161,U301,58.34089
590000161,U304,114.97605
590000161,U328,3.4574938
590000161,U423,31.624626
590000161,U482,146.5513
590000162,2133,102.57255
590000162,2137,45.58231
590000162,2796,38.117485
590000162,2797,40.05044
590000162,2836,99.05334
590000162,2850,142.71263
590000162,2852,154.75383
590000162,2894,20.86182
590000162,2910,44.840496
590000162,3053,102.48002
590000162,3078,38.975235
590000162,3080,52.77705
590000162,TJF0,29.04911
590000162,TZ33,117.34786
590000162,U19S,26.92456
590000162,U304,29.100027
590000162,U482,60.997803
590000163,2000,110.712036
590000163,2012,76.6964
590000163,2021,105.571465
590000163,2107,61.94361
590000163,2325,1.7523571
590000163,2836,5.269107
590000163,2904,61.485966
590000163,3080,4.8347826
590000163,TZ33,12.754099
590000163,TZ78,2.2226325e-16
590000163,U162,40.078064
590000163,U193,77.752205
590000163,U19S,0.00034092378
590000163,U301,2.2229234e-16
590000163,U312,26.035732
590000163,U313,23.712929
590000163,U328,26.200718
590000163,U482,2.2226057e-16
590000163,U658,12.306919
590000164,2000,135.91187
590000164,2008,37.12938
590000164,2012,99.29815
590000164,2021,130.9018
590000164,2107,82.071915
590000164,2133,68.69506
590000164,2137,48.610542
590000164,2268,8.404147
590000164,2605,1.2498143e-07
590000164,2796,34.453
590000164,2797,10.038118
590000164,2836,83.314156
590000164,2850,117.80471
590000164,2852,95.79119
590000164,2894,25.643929
590000164,2904,45.816727
590000164,2910,48.171524
590000164,2927,17.591656
590000164,3053,41.122528
590000164,3078,83.275154
590000164,3080,79.70474
590000164,TJF0,60.390556
590000164,TZ33,51.548378
590000164,U155,16.522747
590000164,U162,30.347912
590000164,U193,31.274841
590000164,U19S,36.979786
590000164,U304,53.47294
590000164,U312,53.301155
590000164,U313,17.159348
590000164,U328,35.869087
590000164,U482,82.35623
590000164,U658,17.739447
590000165,2000,16.727604
590000165,2012,14.176239
590000165,2021,72.15783
590000165,2133,180.97876
590000165,2137,103.4267
590000165,2268,7.861743
590000165,2278,14.500041
590000165,2796,138.32716
590000165,2797,118.62193
590000165,2836,262.58524
590000165,2850,311.40436
590000165,2852,249.41875
590000165,2894,68.32727
590000165,2910,117.14054
590000165,3053,103.3999
590000165,3078,149.97435
590000165,3080,214.66852
590000165,TJF0,197.81902
590000165,TZ33,164.23314
590000165,U155,19.265568
590000165,U19S,129.30493
590000165,U304,92.49625
590000165,U312,16.550762
590000165,U328,34.833305
590000165,U355,76.74954
590000165,U423,22.300014
590000165,U482,223.55498
590000165,U889,14.951733
590000166,2000,121.12128
590000166,2012,48.551006
590000166,2021,91.78751
590000166,2107,78.85219
590000166,2325,5.0903354
590000166,2836,20.466927
590000166,2927,17.331757
590000166,U312,27.633945
590000166,U328,40.80837
590000166,U658,55.641396
590000169,2000,2.848291
590000169,2012,7.252263
590000169,2021,5.157022
590000169,2133,130.51659
590000169,2137,82.47814
590000169,2796,79.81675
590000169,2797,18.249521
590000169,2836,160.09981
590000169,2850,313.48334
590000169,2852,400.733
590000169,2894,48.88247
590000169,2910,69.17147
590000169,3053,121.541016
590000169,3078,55.77248
590000169,3080,127.952576
590000169,TJF0,93.18294
590000169,TZ33,221.38889
590000169,U155,1.1064931e-06
590000169,U19S,15.7948265
590000169,U304,48.384182
590000169,U355,59.669617
590000169,U482,96.73203
590000170,2000,1153.7705
590000170,2008,489.35434
590000170,2012,598.87024
590000170,2021,1154.0569
590000170,2107,732.8942
590000170,2133,1503.3063
590000170,2137,1747.3223
590000170,2268,245.38792
590000170,2278,82.256485
590000170,2796,1059.2897
590000170,2797,799.5324
590000170,2836,1513.2695
590000170,2850,2231.943
590000170,2852,3057.038
590000170,2856,4.1747953e-05
590000170,2894,2906.5994
590000170,2904,809.7398
590000170,2910,1601.4438
590000170,2927,480.48145
590000170,3053,2050.7288
590000170,3078,881.0431
590000170,3080,1532.546
590000170,TJF0,481.72086
590000170,TZ33,1691.9545
590000170,U155,385.49387
590000170,U162,465.5625
590000170,U182,182.42554
590000170,U193,411.7048
590000170,U19S,994.7795
590000170,U304,769.11725
590000170,U311,32.077885
590000170,U312,753.6326
590000170,U313,442.50446
590000170,U328,561.559
590000170,U355,641.0684
590000170,U368,355.72607
590000170,U371,19.156996
590000170,U384,145.62778
590000170,U423,149.34258
590000170,U456,90.382484
590000170,U482,1042.6378
590000170,U538,17.838057
590000170,U546,151.47115
590000170,U658,485.305
590000170,U889,232.88593
590000171,2000,242.08908
590000171,2008,103.540855
590000171,2012,158.38765
590000171,2021,253.89334
590000171,2107,191.73933
590000171,2133,264.44354
590000171,2137,197.49763
590000171,2796,134.66277
590000171,2797,72.774666
590000171,2836,316.65637
590000171,2850,279.3991
590000171,2852,421.34912
590000171,2894,131.38417
590000171,2904,204.24062
590000171,2910,116.79737
590000171,2927,75.40357
590000171,3053,146.9547
590000171,3078,163.91345
590000171,3080,294.14386
590000171,TJF0,163.6755
590000171,TZ33,311.55692
590000171,U155,96.28458
590000171,U162,105.96439
590000171,U182,39.832024
590000171,U193,90.71691
590000171,U19S,84.3056
590000171,U304,94.797585
590000171,U312,82.81527
590000171,U313,80.70668
590000171,U328,107.38989
590000171,U355,71.69112
590000171,U368,84.70002
590000171,U423,16.720514
590000171,U482,124.19955
590000171,U546,19.80149
590000171,U658,46.948467
590000171,U889,36.85671
590000172,2000,5.1061683
590000172,2008,2.3947074
590000172,2012,1.075208
590000172,2133,88.779366
590000172,2137,143.9404
590000172,2380,4.173235
590000172,2425,45.239574
590000172,2605,128.64261
590000172,2614,22.821907
590000172,2796,134.506
590000172,2797,13.677441
590000172,2836,149.1695
590000172,2850,191.93417
590000172,2852,181.23091
590000172,2856,20.878263
590000172,2894,144.42302
590000172,2904,3.107879
590000172,2910,169.74472
590000172,3053,85.76202
590000172,3078,131.33147
590000172,3080,118.03129
590000172,TJF0,112.58695
590000172,TZ33,145.3305
590000172,TZ78,9.920193
590000172,U165,38.614628
590000172,U19S,207.83253
590000172,U1V5,5.689215
590000172,U304,123.67981
590000172,U482,158.95142
590000172,U546,22.770056
590000172,U889,55.1205
590000173,2000,85.610176
590000173,2012,51.48918
590000173,2021,89.93873
590000173,2107,69.13958
590000173,2133,149.28807
590000173,2137,111.80435
590000173,2278,27.249935
590000173,2325,56.773632
590000173,2380,15.639195
590000173,2425,63.578327
590000173,2587,16.34587
590000173,2605,39.338993
590000173,2614,16.358934
590000173,2763,17.571136
590000173,2796,99.91913
590000173,2797,34.448704
590000173,2836,202.33046
590000173,2850,262.29782
590000173,2852,215.66058
590000173,2856,69.428566
590000173,2865,26.586697
590000173,2894,62.037945
590000173,2910,70.59214
590000173,3053,136.37193
590000173,3078,115.50187
590000173,3080,199.57048
590000173,TJF0,81.20607
590000173,TZ33,141.52075
590000173,TZ78,27.554508
590000173,U155,23.103035
590000173,U165,45.8887
590000173,U193,25.734938
590000173,U19S,63.755936
590000173,U1V5,29.075405
590000173,U301,11.171066
590000173,U304,93.074425
590000173,U312,67.96321
590000173,U313,43.058098
590000173,U355,51.295147
590000173,U423,33.517162
590000173,U482,148.62799
590000173,U527,19.823513
590000173,U546,5.6270084
590000173,U569,8.421057
590000173,U658,30.493364
590000173,U889,35.463306
590000174,2000,491.4101
590000174,2008,155.43442
590000174,2012,245.80609
590000174,2021,610.3918
590000174,2107,354.52454
590000174,2133,387.98444
590000174,2137,333.8056
590000174,2268,407.80124
590000174,2278,274.2365
590000174,2325,73.74701
590000174,2380,168.47423
590000174,2425,429.05817
590000174,2568,53.588192
590000174,2587,33.30759
590000174,2605,242.10373
590000174,2614,124.80638
590000174,2763,82.18159
590000174,2796,417.79147
590000174,2797,188.42345
590000174,2836,557.5838
590000174,2850,714.0657
590000174,2852,605.22845
590000174,2856,339.3406
590000174,2865,168.02068
590000174,2894,190.72728
590000174,2904,416.69427
590000174,2910,249.5578
590000174,2927,100.02785
590000174,3053,214.42969
590000174,3078,400.77457
590000174,3080,737.9189
590000174,TJF0,372.60742
590000174,TZ33,360.5468
590000174,TZ78,90.03513
590000174,U155,183.49905
590000174,U162,195.42496
590000174,U165,173.70468
590000174,U167,13.718257
590000174,U168,14.55166
590000174,U182,58.218143
590000174,U193,211.76787
590000174,U19S,232.03679
590000174,U1V5,105.28033
590000174,U301,62.336414
590000174,U304,391.36124
590000174,U311,15.92647
590000174,U312,222.77477
590000174,U313,119.327225
590000174,U328,211.76262
590000174,U355,135.28375
590000174,U368,159.88724
590000174,U371,28.790968
590000174,U384,72.45828
590000174,U423,132.34872
590000174,U456,50.34749
590000174,U482,516.0646
590000174,U527,110.238914
590000174,U546,29.71612
590000174,U569,43.30496
590000174,U658,176.57222
590000174,U889,67.99556
590000175,2000,261.43866
590000175,2008,101.761475
590000175,2012,150.32736
590000175,2021,368.3065
590000175,2107,202.86609
590000175,2133,173.07547
590000175,2137,118.38536
590000175,2268,20.293633
590000175,2278,9.130697
590000175,2325,31.576517
590000175,2568,31.960539
590000175,2587,0.3252184
590000175,2796,155.31512
590000175,2797,83.1752
590000175,2836,239.8626
590000175,2850,213.92154
590000175,2852,265.13837
590000175,2894,73.01216
590000175,2904,214.64844
590000175,2910,58.08996
590000175,2927,73.37024
590000175,3053,118.875595
590000175,3078,173.5409
590000175,3080,183.04436
590000175,TJF0,154.07709
590000175,TZ33,207.00748
590000175,TZ78,23.854815
590000175,U155,99.39029
590000175,U162,121.04943
590000175,U182,31.911283
590000175,U193,97.32796
590000175,U19S,130.11324
590000175,U301,39.36534
590000175,U304,135.8392
590000175,U312,203.32387
590000175,U313,94.444565
590000175,U328,131.28888
590000175,U355,96.09369
590000175,U368,72.77272
590000175,U371,10.231534
590000175,U384,26.050205
590000175,U423,38.282066
590000175,U482,174.89372
590000175,U658,95.911064
590000175,U889,57.10033
590000176,2000,0.1387064
590000176,2021,2.2227407e-16
590000176,2107,2.1607802
590000176,2325,4.1519124e-05
590000176,TZ78,4.134045
590000176,U301,0.059656084
590000176,U304,2.222528e-16
590000176,U312,2.2225904e-16
590000176,U328,11.846608
590000177,2021,3.0644696
590000177,2107,17.710384
590000178,2000,290.9756
590000178,2008,106.98401
590000178,2012,159.29527
590000178,2021,481.94107
590000178,2107,245.28073
590000178,2133,306.86435
590000178,2137,214.88554
590000178,2268,68.535866
590000178,2278,44.241592
590000178,2325,85.64929
590000178,2425,11.409228
590000178,2587,39.27126
590000178,2796,226.83919
590000178,2797,91.97273
590000178,2836,334.15555
590000178,2850,586.4892
590000178,2852,505.06802
590000178,2894,109.96059
590000178,2904,296.01395
590000178,2910,189.27657
590000178,2927,65.884796
590000178,3053,251.87698
590000178,3078,223.71877
590000178,3080,336.25604
590000178,TJF0,173.24275
590000178,TZ33,321.59924
590000178,TZ78,63.343266
590000178,U155,71.54989
590000178,U162,92.85248
590000178,U167,10.631406
590000178,U182,34.681297
590000178,U193,137.45732
590000178,U19S,171.87067
590000178,U301,47.351353
590000178,U304,265.96994
590000178,U312,137.74312
590000178,U313,75.68187
590000178,U328,136.41884
590000178,U355,106.842514
590000178,U368,45.35877
590000178,U371,4.4775605
590000178,U384,22.945143
590000178,U423,33.10857
590000178,U482,367.65604
590000178,U546,31.791742
590000178,U658,88.73088
590000178,U889,6.788632
590000179,2000,40.644043
590000179,2012,9.870431
590000179,2107,18.730646
590000179,2325,25.762028
590000179,U193,6.274493
590000179,U301,1.1460266
590000179,U312,9.595941
590000180,2000,3.595443
590000180,2012,7.483862
590000180,2021,4.835419
590000180,2107,2.71539
590000180,2133,74.13838
590000180,2137,64.60778
590000180,2796,68.632774
590000180,2797,40.953037
590000180,2836,115.914604
590000180,2850,123.742134
590000180,2852,116.62367
590000180,2894,26.279785
590000180,2904,12.147142
590000180,2910,38.918167
590000180,3053,120.37392
590000180,3078,41.676376
590000180,3080,94.49538
590000180,TJF0,40.137035
590000180,TZ33,109.48804
590000180,U193,4.8547745
590000180,U19S,47.14267
590000180,U304,52.160088
590000180,U312,6.8010216
590000180,U355,41.990044
590000180,U482,83.316124
590000180,U889,25.449907
590000182,2012,0.9819231
590000182,2137,15.834357
590000182,2325,32.132618
590000182,2850,9.188415
590000182,2852,12.01923
590000182,3078,18.658493
590000182,TZ78,31.480291
590000182,U304,6.599837e-06
590000183,2133,122.04968
590000183,2137,176.07988
590000183,2325,112.01543
590000183,2797,66.36553
590000183,2836,250.75035
590000183,2850,486.54068
590000183,2852,408.6102
590000183,2894,39.894226
590000183,2910,88.059425
590000183,3053,105.480576
590000183,3078,189.70285
590000183,3080,228.40343
590000183,TJF0,153.90579
590000183,TZ33,286.8321
590000183,TZ78,43.506668
590000183,U19S,66.74482
590000183,U301,31.364594
590000183,U304,277.85016
590000183,U482,319.15228
590000184,2137,14.649109
590000184,2852,32.095974
590000184,3053,3.7113628
590000184,TZ33,3.7875292
590000184,U482,16.197409
590000186,2000,476.71396
590000186,2008,209.71695
590000186,2012,295.97745
590000186,2021,571.39795
590000186,2107,432.73648
590000186,2133,562.7643
590000186,2137,469.18814
590000186,2268,18.403591
590000186,2278,33.213253
590000186,2325,56.554935
590000186,2587,11.424685
590000186,2796,320.83313
590000186,2797,275.02313
590000186,2836,670.5125
590000186,2850,1169.5951
590000186,2852,920.4386
590000186,2894,476.68222
590000186,2904,444.613
590000186,2910,434.37265
590000186,2927,162.87732
590000186,3053,581.6264
590000186,3078,438.70486
590000186,3080,676.60144
590000186,TJF0,279.6398
590000186,TZ33,520.6546
590000186,TZ78,38.490955
590000186,U155,161.78685
590000186,U162,232.84601
590000186,U182,51.311436
590000186,U193,266.20834
590000186,U19S,408.28125
590000186,U301,39.11395
590000186,U304,269.25375
590000186,U312,378.4069
590000186,U313,88.36546
590000186,U328,257.32483
590000186,U355,217.17383
590000186,U368,63.585476
590000186,U384,70.11094
590000186,U423,62.589012
590000186,U482,562.90814
590000186,U546,14.310942
590000186,U658,248.42654
590000186,U889,54.372627
590000187,2000,281.17267
590000187,2008,117.601265
590000187,2012,144.63695
590000187,2021,339.43695
590000187,2107,291.9927
590000187,2133,284.84
590000187,2137,250.64676
590000187,2268,24.329252
590000187,2278,9.208103
590000187,2325,14.073482
590000187,2380,22.613623
590000187,2425,66.34036
590000187,2568,0.018548002
590000187,2605,30.044897
590000187,2614,12.94945
590000187,2763,16.111162
590000187,2796,228.48898
590000187,2797,118.43524
590000187,2836,253.02666
590000187,2850,398.997
590000187,2852,394.7971
590000187,2856,23.708471
590000187,2865,15.948447
590000187,2894,161.99326
590000187,2904,232.67166
590000187,2910,207.32156
590000187,2927,63.897293
590000187,3053,249.2461
590000187,3078,192.27797
590000187,3080,265.50723
590000187,TJF0,125.64482
590000187,TZ33,247.91861
590000187,TZ78,26.759403
590000187,U155,146.5095
590000187,U162,169.78789
590000187,U165,35.410503
590000187,U182,29.50117
590000187,U193,144.10143
590000187,U19S,226.6532
590000187,U1V5,20.495625
590000187,U301,15.390137
590000187,U304,124.04256
590000187,U312,230.33075
590000187,U313,92.552284
590000187,U328,199.76195
590000187,U355,126.45147
590000187,U368,120.3447
590000187,U371,24.193657
590000187,U384,39.43361
590000187,U423,45.242237
590000187,U482,179.21696
590000187,U527,11.422954
590000187,U546,22.143633
590000187,U569,4.904685
590000187,U658,124.9985
590000187,U889,35.90124
590000188,2021,2.2227494e-16
590000188,2325,593.98505
590000188,2568,303.36047
590000188,TZ78,490.76688
590000188,U168,160.68584
590000188,U301,485.28644
590000188,U505,137.8303
590000189,2000,475.0805
590000189,2008,206.4573
590000189,2012,319.33472
590000189,2021,691.5076
590000189,2107,406.6701
590000189,2133,628.38965
590000189,2137,528.913
590000189,2268,0.37852266
590000189,2278,29.938337
590000189,2325,138.04295
590000189,2380,224.55566
590000189,2425,427.77377
590000189,2568,130.06207
590000189,2587,84.50415
590000189,2605,234.6721
590000189,2614,179.73012
590000189,2763,112.78636
590000189,2796,485.58414
590000189,2797,228.78185
590000189,2836,386.49316
590000189,2850,955.08746
590000189,2852,888.19653
590000189,2856,281.60266
590000189,2865,174.14125
590000189,2894,775.21155
590000189,2904,417.75385
590000189,2910,374.02957
590000189,2927,108.577614
590000189,3053,472.1146
590000189,3078,437.5589
590000189,3080,541.983
590000189,TJF0,323.19006
590000189,TZ33,553.83746
590000189,TZ78,133.70096
590000189,U155,148.46078
590000189,U162,227.2921
590000189,U165,144.09215
590000189,U193,233.91339
590000189,U19S,375.87405
590000189,U1V5,79.80359
590000189,U301,94.081276
590000189,U304,356.50116
590000189,U311,24.110659
590000189,U312,231.2366
590000189,U313,180.69751
590000189,U328,226.58301
590000189,U355,258.56018
590000189,U368,117.43646
590000189,U371,42.147434
590000189,U384,90.64199
590000189,U423,142.63303
590000189,U456,36.840664
590000189,U482,531.2979
590000189,U527,126.57565
590000189,U538,39.172165
590000189,U546,52.677197
590000189,U569,57.222214
590000189,U658,181.86201
590000189,U889,113.00924
590000190,2000,15.963828
590000190,2008,10.378288
590000190,2012,28.09023
590000190,2021,34.312305
590000190,2107,24.735912
590000190,2133,42.586067
590000190,2137,43.521908
590000190,2268,12.304431
590000190,2278,20.941711
590000190,2325,2.2227796e-16
590000190,2380,77.10267
590000190,2425,146.5079
590000190,2568,2.2218598e-16
590000190,2587,2.2222913e-16
590000190,2605,69.58099
590000190,2614,39.121204
590000190,2763,30.055443
590000190,2796,47.811184
590000190,2797,29.028574
590000190,2836,97.104004
590000190,2850,93.23536
590000190,2852,100.47282
590000190,2856,141.98926
590000190,2865,83.73779
590000190,2894,33.590775
590000190,2904,29.22748
590000190,2910,42.42632
590000190,3053,40.616295
590000190,3078,53.66127
590000190,3080,74.70078
590000190,TJF0,43.630795
590000190,TZ33,52.89864
590000190,TZ78,2.2224818e-16
590000190,U155,29.945034
590000190,U162,18.97385
590000190,U165,74.25039
590000190,U167,2.222331e-16
590000190,U168,2.222364e-16
590000190,U193,8.84129
590000190,U19S,27.335741
590000190,U1V5,34.55196
590000190,U301,2.2225867e-16
590000190,U304,47.14792
590000190,U312,19.23724
590000190,U313,13.489006
590000190,U328,4.1116824
590000190,U371,7.0346923
590000190,U384,14.75895
590000190,U423,16.284607
590000190,U482,44.363575
590000190,U527,41.04546
590000190,U546,9.344752
590000190,U569,18.732605
590000190,U889,41.750496
590000190,U980,2.2225118e-16
590000191,2000,162.21957
590000191,2012,106.75595
590000191,2021,232.2426
590000191,2107,116.056015
590000191,2325,40.45217
590000191,2605,13.757584
590000191,2856,34.347996
590000191,2904,114.33658
590000191,2927,42.975323
590000191,3078,87.11366
590000191,U193,90.798874
590000191,U301,33.129112
590000191,U313,63.060555
590000191,U328,73.784485
590000223,2325,68.177505
590000223,2568,28.73608
590000223,2587,35.63048
590000223,TZ78,75.34664
590000223,U168,19.452282
590000223,U301,47.01957
590000223,U505,26.635677
590000224,2012,2.2224752e-16
590000245,2000,408.78998
590000245,2008,284.69296
590000245,2012,297.52332
590000245,2021,540.4732
590000245,2107,189.98291
590000245,2133,247.08957
590000245,2137,354.2553
590000245,2268,241.55075
590000245,2278,509.42944
590000245,2325,173.39871
590000245,2380,55.910324
590000245,2425,135.9646
590000245,2568,36.34036
590000245,2587,26.37582
590000245,2605,127.9864
590000245,2614,30.243105
590000245,2763,42.418606
590000245,2796,332.76733
590000245,2797,299.78586
590000245,2836,186.79285
590000245,2850,497.18967
590000245,2852,328.66278
590000245,2856,30.144226
590000245,2865,65.37819
590000245,2894,421.15436
590000245,2899,51.51109
590000245,2904,280.54297
590000245,2910,249.22472
590000245,2927,262.68652
590000245,3053,293.79144
590000245,3078,326.36377
590000245,3080,339.91742
590000245,TJF0,300.8927
590000245,TZ33,334.54733
590000245,TZ78,51.941776
590000245,U155,197.01164
590000245,U162,232.67526
590000245,U165,77.16064
590000245,U167,34.535885
590000245,U168,74.26385
590000245,U182,207.20256
590000245,U193,228.2194
590000245,U19S,520.77856
590000245,U1V5,37.398697
590000245,U301,90.612335
590000245,U304,172.77512
590000245,U311,115.486755
590000245,U312,162.04579
590000245,U313,281.87192
590000245,U328,299.50937
590000245,U339,58.699
590000245,U355,301.47665
590000245,U368,177.5295
590000245,U371,19.358229
590000245,U384,74.51857
590000245,U423,169.20616
590000245,U456,54.237503
590000245,U482,506.7435
590000245,U505,45.60293
590000245,U527,50.69294
590000245,U538,65.86757
590000245,U546,107.41957
590000245,U569,89.146034
590000245,U658,397.3588
590000245,U889,299.44864
590000245,U980,17.179903
590000247,U304,2.2222973e-16
590000247,U328,2.2225247e-16
590000249,2000,53.78098
590000249,2021,16.133957
590000249,2107,34.538475
590000249,2850,2.2227622e-16
590000249,2904,28.510105
590000249,2927,25.599413
590000249,U355,2.2224032e-16
590000253,2021,2.2225096e-16
590000254,2012,3.4642715e-06
590000254,2850,75.52104
590000254,2910,57.045357
590000254,3053,55.749622
590000254,3078,45.17647
590000254,3080,84.01986
590000254,U482,34.699497
590000255,2000,36.943783
590000255,2012,39.39207
590000255,2021,57.334774
590000255,2107,35.683002
590000255,2278,27.007168
590000255,2425,6.0627027
590000255,2904,60.587376
590000255,2927,19.299374
590000255,U162,109.78615
590000255,U312,141.03416
590000255,U328,48.030716
590000255,U368,83.13198
590000255,U658,14.766106
590000258,2000,9.081055
590000258,2008,9.100864
590000258,2012,3.5246007
590000258,2021,12.424318
590000258,2107,8.628411
590000258,2137,0.28959447
590000258,2797,12.291572
590000258,2836,5.9262958
590000258,2850,58.57794
590000258,2852,73.495476
590000258,2894,1.6040376e-08
590000258,2904,6.6309757
590000258,2927,0.92055005
590000258,3078,118.7214
590000258,3080,0.7058185
590000258,TJF0,112.17158
590000258,TZ33,0.3325656
590000258,U193,5.2463355
590000258,U19S,25.525244
590000258,U304,42.746277
590000258,U328,15.511026
590000258,U482,164.4072
590000258,U889,0.0008468753
590000259,2137,0.01744469
590000259,2268,100.66107
590000259,2278,117.81051
590000259,2325,150.28247
590000259,2380,432.54706
590000259,2425,691.75574
590000259,2568,115.61127
590000259,2587,59.747814
590000259,2605,348.9433
590000259,2614,249.00223
590000259,2763,143.52428
590000259,2836,1.4611151
590000259,2856,402.1631
590000259,2865,289.3424
590000259,TZ78,123.74736
590000259,U165,324.5766
590000259,U1V5,191.57785
590000259,U301,83.44088
590000259,U304,5.0300226
590000259,U371,28.806183
590000259,U384,75.310524
590000259,U423,100.98943
590000259,U456,25.373363
590000259,U505,37.483364
590000259,U527,230.88019
590000259,U569,134.49736
590000260,2000,61.70513
590000260,2021,113.0631
590000260,2107,36.69956
590000260,2268,90.6073
590000260,2380,37.05952
590000260,2425,82.63745
590000260,2605,107.2076
590000260,2763,18.18068
590000260,2904,32.754333
590000260,TJF0,39.507793
590000260,U19S,15.779873
590000260,U1V5,8.293275
590000260,U384,46.06271
590000260,U423,7.715078
590000260,U456,19.047276
590000260,U538,6.196892e-05
590000260,U658,37.691467
590000263,2850,39.04463
590000264,2133,34.82682
590000264,2278,139.858
590000264,2325,20.487705
590000264,2796,16.55188
590000264,2856,108.77232
590000264,U423,70.50918
590000264,U546,0.020701723
590000315,2836,23.069715
590000315,2850,31.326317
590000315,2852,82.78691
590000315,2899,2.2227667e-16
590000315,2910,33.885384
590000315,TJF0,5.872378
590000315,TZ33,36.50721
590000315,U155,2.2224678e-16
590000315,U482,22.693966
590000317,2000,46.581326
590000317,2008,58.1365
590000317,2012,41.220142
590000317,2021,45.30912
590000317,2107,30.130968
590000317,2133,19.660374
590000317,2137,16.442873
590000317,2268,15.669832
590000317,2278,25.693424
590000317,2796,24.283564
590000317,2797,10.660801
590000317,2836,21.843487
590000317,2850,35.639774
590000317,2852,23.782797
590000317,2894,34.33046
590000317,2904,42.161728
590000317,2910,34.10945
590000317,2927,28.710436
590000317,3053,15.896874
590000317,3078,29.229311
590000317,3080,24.60188
590000317,TJF0,20.053993
590000317,TZ33,26.514782
590000317,U155,13.578357
590000317,U162,23.665688
590000317,U182,2.5952234
590000317,U193,32.42665
590000317,U19S,10.015532
590000317,U304,18.880606
590000317,U311,6.0341673
590000317,U312,27.497078
590000317,U313,12.394209
590000317,U328,24.919853
590000317,U368,12.695394
590000317,U371,9.994555
590000317,U384,10.320332
590000317,U423,2.9503713
590000317,U456,5.14735
590000317,U482,42.369404
590000317,U538,0.075262494
590000317,U658,9.663158
590000318,2000,6.1611047
590000318,2008,9.180511
590000318,2012,9.284929
590000318,2021,14.081142
590000318,2107,2.9290488
590000318,2133,26.54306
590000318,2137,15.773705
590000318,2796,33.56904
590000318,2797,6.867936
590000318,2836,20.604855
590000318,2850,34.89931
590000318,2852,29.83889
590000318,2894,16.857132
590000318,2904,19.547504
590000318,2910,25.543339
590000318,2927,8.14161
590000318,3053,12.766049
590000318,3078,10.590581
590000318,3080,16.592312
590000318,TJF0,9.696021
590000318,TZ33,23.85572
590000318,U155,4.1673374
590000318,U162,6.026485
590000318,U182,0.32566753
590000318,U193,4.7146807
590000318,U19S,10.123837
590000318,U304,15.845625
590000318,U312,8.607435
590000318,U313,5.2681875
590000318,U328,7.145428
590000318,U355,8.014206
590000318,U368,0.2851896
590000318,U482,15.516886
590000318,U658,1.8006964
590000458,2380,90.69557
590000458,2425,80.668304
590000458,2856,83.21015
590000462,2000,2.2227148e-16
590000462,2012,2.222572e-16
590000462,2107,2.2225295e-16
590000464,2000,115.03315
590000464,2008,43.827812
590000464,2012,96.194695
590000464,2021,129.36429
590000464,2107,78.91495
590000464,2268,36.27185
590000464,2278,48.860584
590000464,2904,72.94035
590000464,2927,39.124893
590000464,TZ78,2.1958835
590000464,U155,30.00154
590000464,U162,65.51774
590000464,U193,52.202095
590000464,U312,109.79522
590000464,U328,53.056118
590000464,U384,18.68059
590000464,U423,35.133114
590000464,U658,43.61906
590000466,2856,2.822826
590000487,2000,1401.1592
590000487,2008,616.3839
590000487,2012,837.05334
590000487,2021,1940.8005
590000487,2107,1294.2155
590000487,2605,2.2226084e-16
590000487,2904,1219.253
590000487,2927,298.29166
590000487,U155,557.4106
590000487,U162,1038.0391
590000487,U193,881.3
590000487,U312,406.3731
590000487,U313,626.8414
590000487,U328,918.79
590000487,U658,572.82104
590000488,2133,486.75992
590000488,2137,543.1008
590000488,2268,485.1825
590000488,2278,545.31647
590000488,2380,2.222455e-16
590000488,2605,2.222649e-16
590000488,2614,2.2232423e-16
590000488,2796,534.26526
590000488,2797,151.72119
590000488,2836,631.6591
590000488,2850,1198.5398
590000488,2852,777.968
590000488,2865,2.2226825e-16
590000488,2894,58.052685
590000488,2910,438.03983
590000488,3053,567.4075
590000488,3078,438.78226
590000488,3080,740.3131
590000488,TJF0,301.13293
590000488,TZ33,628.5131
590000488,U19S,88.76239
590000488,U1V5,2.2225853e-16
590000488,U304,448.8392
590000488,U311,220.77995
590000488,U355,63.63162
590000488,U384,498.25827
590000488,U423,569.21155
590000488,U456,121.825264
590000488,U482,635.1038
590000488,U538,86.27316
590000496,U155,2.8394039
590000496,U658,4.917842
590000500,2380,91.54527
590000500,2425,153.15926
590000500,2605,64.415474
590000500,2614,75.12446
590000500,2856,104.79047
590000500,2865,92.27083
590000500,U165,27.606768
590000500,U1V5,16.165356
590000501,2425,19.8805
590000502,2000,122.86015
590000502,2008,50.65681
590000502,2012,82.60181
590000502,2021,154.47714
590000502,2107,85.222374
590000502,2904,88.56541
590000502,2927,33.824398
590000502,U162,60.50628
590000502,U193,62.43573
590000502,U313,43.096172
590000502,U328,29.003536
590000502,U658,57.56096
590000506,2133,17.527134
590000506,2137,45.520744
590000506,2380,5.195631e-07
590000506,2605,8.057939
590000506,2796,8.631185
590000506,2836,57.582455
590000506,2850,105.44832
590000506,2852,115.395485
590000506,2894,32.99779
590000506,2904,2.689956
590000506,2910,25.762016
590000506,3053,31.939009
590000506,3078,27.897802
590000506,3080,41.846836
590000506,TJF0,33.09677
590000506,TZ33,58.973278
590000506,U193,4.062635
590000506,U19S,57.451702
590000506,U304,14.333119
590000506,U482,48.507328
590000508,2325,58.24245
590000508,2587,0.2157796
590000508,2796,2.2226806e-16
590000508,TZ78,14.822424
590000508,U301,0.33750424
590000508,U312,2.222811e-16
590000509,2325,194.5889
590000509,2425,48.986843
590000509,2568,126.97541
590000509,2587,63.51838
590000509,TZ78,113.25189
590000509,U065,130.90514
590000509,U168,38.98819
590000509,U301,78.93229
590000509,U505,30.690083
590000510,2325,3.117461
590000510,TZ78,0.8744069
590000526,2133,41.65275
590000526,2137,35.52694
590000526,2278,65.838936
590000526,2836,79.768486
590000526,2850,114.01578
590000526,2894,12.242904
590000526,3053,82.69869
590000526,3078,82.63939
590000526,3080,218.82564
590000526,TZ33,63.84729
590000526,U304,45.27484
590000526,U423,34.181866
590000526,U482,65.38516
590000527,2836,63.3387
590000527,2850,71.92071
590000527,2852,56.768158
590000527,2894,7.6513767
590000527,3053,19.3545
590000527,3078,92.51927
590000527,3080,108.44904
590000527,TZ33,38.42141
590000527,U423,27.130035
590000527,U482,46.15001
590000528,2133,1779.2849
590000528,2137,1357.4856
590000528,2268,786.45105
590000528,2278,871.9326
590000528,2380,398.0517
590000528,2425,870.7468
590000528,2605,384.49994
590000528,2614,195.23465
590000528,2796,1092.369
590000528,2797,502.4533
590000528,2836,1642.9772
590000528,2850,2347.3765
590000528,2852,1743.7329
590000528,2856,413.61594
590000528,2865,233.295
590000528,2894,912.4724
590000528,2910,1346.87
590000528,3053,1415.6664
590000528,3078,940.9512
590000528,3080,1949.5275
590000528,TJF0,1120.4498
590000528,TZ33,1453.1385
590000528,U165,176.51599
590000528,U19S,1333.6635
590000528,U304,899.98615
590000528,U311,213.409
590000528,U355,609.66125
590000528,U371,277.3393
590000528,U384,626.07214
590000528,U423,776.28265
590000528,U456,125.31972
590000528,U482,1538.7064
590000528,U527,133.513
590000528,U546,192.43677
590000529,2133,238.84396
590000529,2137,126.141884
590000529,2836,196.7079
590000529,2850,308.54764
590000529,2852,404.10617
590000529,2894,77.51975
590000529,2910,268.276
590000529,3053,415.20068
590000529,3078,26.369099
590000529,3080,245.62476
590000529,TZ33,442.4726
590000529,U19S,105.47946
590000529,U355,21.419786
590000529,U482,49.720573
590000530,2000,423.44153
590000530,2012,239.87524
590000530,2021,452.30078
590000530,2107,235.90208
590000530,2133,457.9055
590000530,2137,552.00995
590000530,2796,276.65836
590000530,2797,145.53934
590000530,2836,582.26984
590000530,2850,706.96954
590000530,2852,478.97116
590000530,2894,138.1644
590000530,2910,366.8989
590000530,3053,495.12125
590000530,3078,403.29297
590000530,3080,604.8869
590000530,TJF0,224.94847
590000530,TZ33,553.13544
590000530,U19S,46.855453
590000530,U304,193.75746
590000530,U355,45.914192
590000530,U482,464.378
590000530,U546,32.695236
590000532,2133,601.2416
590000532,2137,652.5725
590000532,2268,369.96695
590000532,2278,351.43225
590000532,2380,182.1131
590000532,2425,238.44394
590000532,2605,130.24966
590000532,2614,69.36082
590000532,2796,623.9746
590000532,2797,61.38714
590000532,2836,904.77484
590000532,2850,975.17444
590000532,2852,799.44904
590000532,2856,166.48483
590000532,2865,76.269424
590000532,2894,587.6086
590000532,2910,604.41943
590000532,3053,704.499
590000532,3078,371.48288
590000532,3080,875.14703
590000532,TJF0,376.55304
590000532,TZ33,755.6661
590000532,U19S,354.35272
590000532,U304,308.06885
590000532,U311,67.92188
590000532,U355,205.65245
590000532,U371,214.24908
590000532,U384,256.9391
590000532,U423,313.56003
590000532,U456,143.9572
590000532,U482,549.0943
590000532,U546,11.891525
590000533,2796,23.392595
590000533,2852,49.268505
590000533,2894,2.2226348e-16
590000533,2910,4.5359974
590000533,3078,29.761414
590000533,U482,7.0362244
590000534,2268,24.118872
590000534,2278,43.72305
590000534,3078,17.395355
590000534,U384,111.02537
590000534,U423,135.17514
590000535,2796,4.544988e-05
590000535,2852,12.000559
590000535,2894,3.408822
590000535,3078,0.004366607
590000535,TJF0,2.8399438e-05
590000535,U304,2.2224368e-16
590000535,U482,6.594162
590000559,2910,2.2227465e-16
590000564,2000,7.0917163
590000564,2012,3.759085
590000564,2021,8.903013
590000564,2107,2.8077993
590000564,2904,1.7541362
590000564,2927,3.5641851
590000564,U155,2.2228424e-16
590000564,U162,1.6553758
590000564,U193,5.5281744
590000564,U312,0.5694161
590000564,U328,3.5795465
590000564,U658,0.00037177338
590000581,2605,0.26181576
590000582,2325,14.660934
590000582,2568,23.743036
590000582,2587,2.2222235e-16
590000582,2605,24.080734
590000582,2856,19.77351
590000582,TZ78,14.644895
590000582,U167,2.222523e-16
590000582,U301,0.14474294
590000582,U313,10.834329
590000583,2852,2.2229308e-16
590000592,2000,147.69487
590000592,2008,51.811596
590000592,2012,30.565283
590000592,2021,165.52449
590000592,2107,142.27391
590000592,2133,147.24875
590000592,2137,197.83174
590000592,2268,25.941147
590000592,2278,18.208757
590000592,2796,154.9834
590000592,2797,80.6027
590000592,2836,197.74742
590000592,2850,284.76212
590000592,2852,316.8538
590000592,2894,128.03111
590000592,2904,83.83147
590000592,2910,150.99976
590000592,2927,62.135212
590000592,3053,127.97869
590000592,3078,151.18413
590000592,3080,239.68904
590000592,TJF0,68.241455
590000592,TZ33,187.29628
590000592,U155,33.10288
590000592,U162,52.501667
590000592,U193,75.59241
590000592,U19S,128.2079
590000592,U304,124.750595
590000592,U312,118.92033
590000592,U313,39.76198
590000592,U328,69.22978
590000592,U355,99.91348
590000592,U371,18.365538
590000592,U384,57.336555
590000592,U423,60.05036
590000592,U482,160.46661
590000592,U546,11.263229
590000592,U658,85.04828
590000592,U889,10.277091
590000612,TZ78,6.078108
590000619,2000,535.00903
590000619,2008,280.1144
590000619,2012,214.43196
590000619,2021,433.92322
590000619,2107,395.16293
590000619,2133,1086.0012
590000619,2137,901.6345
590000619,2268,432.79733
590000619,2278,484.76083
590000619,2325,315.3816
590000619,2568,316.12854
590000619,2796,1035.6024
590000619,2797,724.15717
590000619,2836,1835.7762
590000619,2850,1601.6569
590000619,2852,1286.5505
590000619,2894,1793.6886
590000619,2904,255.83539
590000619,2910,745.4362
590000619,2927,164.86404
590000619,3053,1334.7793
590000619,3078,1170.0005
590000619,3080,1668.1698
590000619,TJF0,929.4434
590000619,TZ33,1124.275
590000619,TZ78,84.67029
590000619,U155,116.195404
590000619,U162,182.86618
590000619,U167,189.31294
590000619,U182,82.583725
590000619,U193,214.40556
590000619,U19S,724.7434
590000619,U301,110.61241
590000619,U304,595.481
590000619,U311,85.908394
590000619,U312,217.84567
590000619,U313,209.35417
590000619,U328,196.19392
590000619,U355,337.66336
590000619,U368,123.836296
590000619,U371,107.55707
590000619,U384,296.7452
590000619,U423,280.09955
590000619,U482,1243.2344
590000619,U546,53.694023
590000619,U658,253.67802
590000619,U889,85.8779
590000691,TZ33,5.0326185
590000693,U482,0.046657484
590000697,2268,35.66365
590000697,2278,62.957264
590000697,2325,2.2227735e-16
590000697,2380,65.2672
590000697,2425,105.56794
590000697,2605,91.57628
590000697,2614,44.826897
590000697,2763,31.985783
590000697,2856,147.96935
590000697,2865,59.438633
590000697,2894,2.222467e-16
590000697,U165,82.02078
590000697,U1V5,47.269344
590000697,U384,0.33681494
590000697,U423,32.080887
590000697,U527,40.587486
590000697,U569,25.413252
590000711,3080,0.42341048
590000711,U193,2.9091098
590000712,2012,5.012124
590000712,2021,37.584454
590000721,2268,42.01912
590000721,2278,154.77399
590000721,U371,0.4052964
590000721,U423,72.73693
590000722,2268,427.9082
590000722,2278,382.4148
590000722,2380,2.2224668e-16
590000722,2425,2.2225163e-16
590000722,2605,2.2226592e-16
590000722,2614,2.2223336e-16
590000722,2763,2.2224983e-16
590000722,2865,2.2227158e-16
590000722,U371,105.3868
590000722,U384,436.47748
590000722,U423,370.7428
590000723,2268,4.1445226e-05
590000723,2278,4.8872404
590000734,3080,2.2224612e-16
590000761,U569,2.9584038
590000814,3078,2.4732174e-06
590000818,2000,6.1317096
590000818,2008,1.8428128
590000818,2012,6.224265
590000818,2021,10.733119
590000818,2107,4.8462973
590000818,2904,3.052238
590000818,2927,0.94435376
590000818,U155,2.2226838e-16
590000818,U162,4.421444
590000818,U182,2.2226158e-16
590000818,U193,0.018888125
590000818,U312,1.17613
590000818,U313,2.2223685e-16
590000818,U328,0.112390764
590000818,U368,2.222805e-16
590000818,U658,2.2226965e-16
590000820,U193,2.2226118e-16
590001179,2797,1.4098
590001179,2836,2.9483788
590001179,3078,7.436609
590001179,TJF0,1.907746
590001179,U482,8.144852
590001182,U482,9.349818
590001237,2425,0.8301656
590001266,2000,1846.9312
590001266,2008,562.5671
590001266,2012,1145.8054
590001266,2021,1842.6365
590001266,2107,1202.9167
590001266,2133,1104.1903
590001266,2137,1977.9712
590001266,2268,781.9309
590001266,2278,730.01324
590001266,2325,137.599
590001266,2380,619.67065
590001266,2425,615.0698
590001266,2605,628.32043
590001266,2614,245.55688
590001266,2763,195.97928
590001266,2796,1091.0767
590001266,2797,684.46716
590001266,2836,1234.8583
590001266,2850,1933.7775
590001266,2852,2448.7925
590001266,2856,333.71265
590001266,2865,485.96838
590001266,2894,3206.7646
590001266,2904,1811.597
590001266,2910,1031.0869
590001266,2927,476.45312
590001266,3053,1244.5563
590001266,3078,1088.883
590001266,3080,1507.6492
590001266,TJF0,611.65955
590001266,TZ33,1130.2441
590001266,U155,585.4898
590001266,U162,757.50946
590001266,U165,241.52141
590001266,U167,121.30329
590001266,U182,322.077
590001266,U193,883.1636
590001266,U19S,980.65436
590001266,U1V5,198.732
590001266,U301,94.399765
590001266,U304,742.92694
590001266,U311,166.51465
590001266,U312,2250.658
590001266,U313,623.1918
590001266,U328,950.9364
590001266,U355,695.0404
590001266,U368,406.6671
590001266,U371,61.586517
590001266,U384,199.02898
590001266,U423,288.83615
590001266,U456,64.05667
590001266,U482,1551.3528
590001266,U505,92.15062
590001266,U527,228.71144
590001266,U546,233.92413
590001266,U569,294.19324
590001266,U658,1358.1508
590001266,U889,156.13931
590001298,2605,1.3464035e-06
590001298,U301,2.222702e-16
590001349,2380,57.1114
590001349,2425,141.88832
590001349,2605,104.7459
590001349,2614,52.78246
590001349,2763,22.869917
590001349,2856,90.27885
590001349,2865,54.04868
590001349,U165,55.346844
590001349,U1V5,42.110985
590001349,U527,23.90008
590001350,U527,2.2228072e-16
590001486,2325,11.59067
590001500,2425,1.870303
590001511,2012,2.2225962e-16
590001511,2137,64.549034
590001511,2836,42.13141
590001511,2894,50.195538
590001511,3080,54.636406
590001531,2137,84.2647
590001531,2325,52.471004
590001531,2850,118.1371
590001531,2894,58.53593
590001531,3078,37.86165
590001531,TZ33,52.495598
590001531,TZ78,10.399326
590001531,U167,6.5348496
590001531,U301,11.914016
590001531,U482,67.75596
590001536,2796,1.0790323e-07
590001536,2852,5.885742
590001564,2000,3.9318488
590001564,2008,2.3078066e-05
590001564,2012,0.08283382
590001564,2021,14.314358
590001564,2107,0.94352245
590001564,2133,151.87642
590001564,2137,135.48283
590001564,2796,177.0806
590001564,2797,101.45939
590001564,2836,167.91629
590001564,2850,226.28293
590001564,2852,174.3147
590001564,2894,107.890816
590001564,2904,3.6277745
590001564,2910,140.56084
590001564,2927,1.9377055
590001564,3053,100.39028
590001564,3078,99.24752
590001564,3080,122.4496
590001564,TJF0,140.92863
590001564,TZ33,185.69496
590001564,U162,0.26405302
590001564,U193,0.35770392
590001564,U19S,106.361435
590001564,U304,131.88422
590001564,U312,3.7814844
590001564,U313,0.1752793
590001564,U328,1.2718184e-06
590001564,U368,1.8148111e-06
590001564,U371,2.2221674e-16
590001564,U482,127.65369
590001564,U658,0.07643013
590001567,2008,10.587171
590001567,2012,1.4991752
590001567,2021,11.532883
590001567,2107,21.805717
590001567,2133,241.3416
590001567,2137,271.2609
590001567,2796,385.8628
590001567,2797,132.49976
590001567,2836,250.42937
590001567,2850,561.74884
590001567,2852,352.74612
590001567,2894,236.8427
590001567,2904,44.408016
590001567,2910,282.6388
590001567,2927,6.59781
590001567,3053,165.63608
590001567,3078,172.17851
590001567,3080,251.50143
590001567,TJF0,149.96982
590001567,TZ33,221.43663
590001567,U162,11.20676
590001567,U193,11.086838
590001567,U19S,110.568985
590001567,U304,410.73874
590001567,U328,14.421892
590001567,U384,2.2222915e-16
590001567,U482,266.64178
590001567,U538,2.2222537e-16
590001568,2000,2.22286e-16
590001568,2008,0.0007346648
590001568,2133,21.418491
590001568,2137,19.359875
590001568,2836,38.37124
590001568,2850,35.820477
590001568,2852,28.449358
590001568,2894,18.559204
590001568,2904,2.2228752e-16
590001568,3078,33.204987
590001568,TZ33,44.01146
590001568,U304,11.666466
590001568,U328,2.222887e-16
590001568,U371,2.222667e-16
590001568,U482,54.770927
590001600,2137,444.74222
590001600,2796,326.69406
590001600,2797,689.51904
590001600,2836,493.07776
590001600,2850,401.91742
590001600,2852,4216.1357
590001600,2894,380.3947
590001600,2910,579.67035
590001600,3053,584.14545
590001600,3078,536.6132
590001600,3080,160.44147
590001600,TJF0,392.15436
590001600,TZ33,387.28287
590001600,U19S,900.225
590001600,U304,357.33524
590001600,U482,701.43274
590001600,U546,240.12773
590001600,U889,271.56128
590001647,2000,5.0528345
590001647,2008,0.42963806
590001647,2012,1.5936396
590001647,2021,0.20374018
590001647,2107,4.6557856
590001647,2904,2.3689594
590001647,2927,1.597794
590001647,U162,1.5057391
590001647,U193,3.5224566e-06
590001647,U312,23.895943
590001647,U313,2.222421e-16
590001647,U328,0.0017579448
590001647,U658,1.4237057
590001648,2000,18.702824
590001648,2012,26.910112
590001648,2021,51.69816
590001648,2107,15.125276
590001648,2904,14.743907
590001656,2850,0.4372528
590001656,TZ33,3.2692297
590001656,U538,2.222754e-16
590001657,2000,0.0690896
590001657,2012,0.0026800754
590001657,2021,0.0039854627
590001657,2133,84.75217
590001657,2137,52.170227
590001657,2796,45.517437
590001657,2797,28.839643
590001657,2836,78.49968
590001657,2850,63.763584
590001657,2852,94.09767
590001657,2894,120.64569
590001657,2904,7.216518e-05
590001657,2910,124.34718
590001657,3053,37.89593
590001657,3078,27.4173
590001657,3080,38.872253
590001657,TJF0,30.544594
590001657,TZ33,51.841812
590001657,U304,55.58107
590001657,U328,2.2226364e-16
590001657,U482,59.79653
590001740,2836,35.762012
590001740,2850,77.975586
590001740,3053,52.04437
590001740,3078,62.718807
590001740,TJF0,45.252556
590001740,U482,81.19723
590001758,2008,54.456005
590001758,2012,27.816677
590001758,2904,42.88704
590001758,2927,37.817974
590001758,U162,63.404385
590001758,U312,91.29457
590001758,U328,63.63599
590001758,U339,2.2225708e-16
590001758,U384,0.00031053677
590001762,2000,11.8844
590001762,2008,15.0543165
590001762,2012,13.120972
590001762,2021,13.698332
590001762,2107,6.533618
590001762,2904,24.159765
590001762,2927,9.964154
590001762,U162,7.02969
590001762,U193,7.356684
590001762,U312,4.250713
590001762,U313,0.23664328
590001762,U328,6.1617937
590001762,U658,2.4958005
590001787,2380,492.55667
590001787,2425,1596.9503
590001787,2605,590.1096
590001787,2614,200.78732
590001787,2763,221.42136
590001787,2856,700.30676
590001787,2865,437.6028
590001787,U165,528.1749
590001787,U1V5,550.9134
590001787,U527,411.46588
590001787,U569,135.35661
590001788,2000,39.543354
590001788,2008,47.866547
590001788,2012,29.553623
590001788,2021,38.819427
590001788,2107,73.74956
590001788,2133,64.18105
590001788,2137,254.68571
590001788,2268,28.509888
590001788,2278,78.90897
590001788,2325,6.3656006
590001788,2380,185.6881
590001788,2425,490.01276
590001788,2568,0.11715666
590001788,2605,282.07617
590001788,2614,86.11321
590001788,2763,117.08124
590001788,2797,59.360584
590001788,2836,149.87677
590001788,2850,255.74553
590001788,2852,189.1023
590001788,2856,188.19612
590001788,2865,181.67091
590001788,2894,207.90926
590001788,2904,50.183075
590001788,2910,175.53731
590001788,2927,70.82711
590001788,3053,202.89597
590001788,3078,97.347305
590001788,3080,295.55682
590001788,TJF0,112.84383
590001788,TZ33,205.84741
590001788,TZ78,2.2411423
590001788,U065,0.049603328
590001788,U155,33.93303
590001788,U162,10.84812
590001788,U165,79.64243
590001788,U168,0.23475032
590001788,U182,2.2227844e-16
590001788,U193,41.552353
590001788,U19S,362.54285
590001788,U1V5,102.235825
590001788,U301,0.0040622423
590001788,U304,83.04851
590001788,U312,26.285667
590001788,U313,3.47659
590001788,U328,71.236565
590001788,U355,180.3554
590001788,U368,4.0433326
590001788,U384,7.967617
590001788,U423,7.100614
590001788,U482,224.9118
590001788,U505,0.074701495
590001788,U527,151.69577
590001788,U538,1.0356281
590001788,U546,15.863054
590001788,U658,18.73396
590001788,U889,86.23465
590001788,U980,2.222672e-16
590001892,2000,274.2043
590001892,2012,220.29704
590001892,2021,231.14578
590001892,2107,120.93115
590001934,U355,4.5744066
590002135,2380,49.122417
590002135,2865,89.89594
590002135,3080,1.4921999e-07
590002135,U423,6.8704123
590002135,U527,76.53198
590002136,2000,859.1809
590002136,2008,970.34625
590002136,2012,973.5841
590002136,2021,2077.0984
590002136,2107,939.64465
590002136,2133,268.99164
590002136,2137,149.56847
590002136,2268,399.04654
590002136,2278,370.36047
590002136,2796,128.53714
590002136,2894,20.052107
590002136,2904,1493.0837
590002136,2910,248.35701
590002136,2927,732.7227
590002136,3053,19.649126
590002136,TZ33,132.01715
590002136,U155,809.4379
590002136,U162,647.71814
590002136,U182,399.16684
590002136,U193,766.3594
590002136,U19S,150.23402
590002136,U311,126.45597
590002136,U312,633.6663
590002136,U313,445.9643
590002136,U328,927.5398
590002136,U339,83.41247
590002136,U355,84.06051
590002136,U368,473.88742
590002136,U384,86.494705
590002136,U423,124.42321
590002136,U527,77.289894
590002136,U538,36.917675
590002136,U546,0.40530646
590002136,U658,530.2529
590002136,U889,74.35466
590002370,2000,1023.1242
590002370,2008,263.83063
590002370,2012,426.5287
590002370,2021,787.57983
590002370,2107,763.51154
590002370,2133,2284.4768
590002370,2137,926.3595
590002370,2268,627.5524
590002370,2278,542.5816
590002370,2325,142.80054
590002370,2796,1003.04156
590002370,2797,932.7987
590002370,2836,2178.7532
590002370,2850,2179.3337
590002370,2852,2059.847
590002370,2894,854.9303
590002370,2904,460.59744
590002370,2910,1260.8386
590002370,2927,207.64568
590002370,3053,1337.0013
590002370,3078,889.15027
590002370,3080,1101.9292
590002370,TJF0,1044.1183
590002370,TZ33,1170.8804
590002370,TZ78,68.63876
590002370,U155,364.39807
590002370,U162,415.49945
590002370,U182,104.96929
590002370,U193,260.099
590002370,U19S,1045.3208
590002370,U301,84.913826
590002370,U304,487.97824
590002370,U311,116.53586
590002370,U312,334.3227
590002370,U313,251.43474
590002370,U328,325.9928
590002370,U355,287.38824
590002370,U368,253.62222
590002370,U371,141.1766
590002370,U384,457.9421
590002370,U423,405.33313
590002370,U456,191.44504
590002370,U482,981.16766
590002370,U538,232.62367
590002370,U546,46.94602
590002370,U658,398.33432
590002370,U889,164.33727
590002624,2316,152.25829
590002624,2325,247.31157
590002624,2380,52.833847
590002624,2425,2.0181658
590002624,2568,295.95926
590002624,2587,81.058044
590002624,2605,3.493593
590002624,2614,5.534221
590002624,2763,1.401208
590002624,2856,1.15948275e-07
590002624,2865,2.2224305e-16
590002624,2899,163.74933
590002624,TZ78,132.73972
590002624,U065,490.4085
590002624,U165,1.1058765e-05
590002624,U167,108.327515
590002624,U168,202.49995
590002624,U1V5,2.22252e-16
590002624,U1WQ,138.36247
590002624,U301,84.28326
590002624,U505,138.06609
590002624,U527,2.2227476e-16
590002624,U569,2.223059e-16
590002624,U980,167.34001
590002741,2000,247.07326
590002741,2008,450.7055
590002741,2012,306.3318
590002741,2021,523.7529
590002741,2107,311.39307
590002741,2268,946.8941
590002741,2278,1506.9912
590002741,2316,223.16696
590002741,2325,787.612
590002741,2380,369.65472
590002741,2425,1265.4313
590002741,2568,1135.3026
590002741,2587,517.4697
590002741,2605,655.5474
590002741,2614,205.44165
590002741,2763,264.503
590002741,2856,644.6321
590002741,2865,452.94177
590002741,2899,705.0625
590002741,2904,406.9212
590002741,2927,189.27777
590002741,TZ78,727.6981
590002741,U065,374.81522
590002741,U155,565.3378
590002741,U162,251.63333
590002741,U165,463.4539
590002741,U167,200.28278
590002741,U168,277.36606
590002741,U182,143.48857
590002741,U193,342.76434
590002741,U1V5,342.54688
590002741,U1WQ,426.44336
590002741,U301,654.52216
590002741,U311,241.78206
590002741,U312,542.40326
590002741,U313,285.24377
590002741,U328,307.48187
590002741,U339,273.29254
590002741,U368,257.73862
590002741,U371,399.71915
590002741,U384,1509.358
590002741,U423,1220.2351
590002741,U456,1027.4882
590002741,U505,507.70068
590002741,U527,477.63367
590002741,U538,193.94371
590002741,U569,141.8147
590002741,U658,351.20233
590002741,U980,211.32187
590002886,2904,80.764305
590002892,2107,71.08694
590002892,2904,187.52539
590002892,U328,5.0751047
590002893,2380,39.77281
590002893,2425,57.720337
590002893,2856,49.94589
590002896,2008,2.2227923e-16
590002896,2107,2.222734e-16
590002896,2137,1.4204553e-06
590002896,2904,2.2227407e-16
590002896,2927,2.2226507e-16
590002896,U162,1.0313633e-05
590002896,U312,5.064577e-08
590002896,U313,2.2226e-16
590002896,U328,2.1587357e-10
590002896,U368,2.2227468e-16
590002898,2000,2.2230126e-16
590002898,2107,2.2226113e-16
590002898,2605,68.40445
590002898,2856,74.36678
590002898,U165,32.248856
590002899,2000,34.410126
590002899,2012,29.27062
590002899,2021,51.75348
590002899,2107,26.087904
590002899,2904,36.73351
590002899,2927,1.5287993
590002899,U155,17.515612
590002899,U162,17.816044
590002899,U193,8.647819
590002899,U312,15.344284
590002899,U328,27.566713
590002899,U368,3.961333
590002899,U658,3.569463
590002900,2904,34.174595
590002902,2000,85.24417
590002902,2107,63.219143
590002902,2425,115.82998
590002902,U155,61.31953
590002902,U328,45.926105
590002902,U368,25.184927
590002902,U658,56.14827
590002904,2605,0.21337774
590002907,2000,1.8268136
590002907,2012,3.2090948
590002907,2904,0.51508826
590002908,2012,2.222665e-16
590002908,2021,2.2225724e-16
590002908,2380,0.0008774474
590002908,2425,5.32605
590002908,U155,2.2224318e-16
590002908,U162,5.8658345e-05
590002908,U312,4.511243e-08
590002909,2000,84.98257
590002909,2012,32.402325
590002909,2021,66.47231
590002909,2107,35.368282
590002909,2904,50.928406
590002909,U312,32.06822
590002910,2008,2.2227492e-16
590002910,2904,2.2225946e-16
590002910,U162,2.7353162e-06
590002910,U193,2.5149163e-06
590002910,U312,2.2223791e-16
590002910,U313,2.2225102e-16
590002910,U328,2.2225554e-16
590002911,2012,72.95825
590002911,2021,91.88389
590002911,2107,72.91542
590002911,U312,86.75689
590002911,U658,30.182003
590002914,2000,1.0690822e-05
590002914,2012,1.3983379e-09
590002914,2107,1.8329345e-06
590002914,2904,2.2229017e-16
590002914,U162,0.036473
590002914,U193,5.6369998e-05
590002914,U658,2.2224075e-16
590002915,2425,12.637708
590002916,2850,9.43499
590002922,2008,2.2224625e-16
590002922,2012,2.2228757e-16
590002922,2425,39.39369
590002922,2605,19.400879
590002922,2904,2.2231237e-16
590002922,U155,2.223003e-16
590002922,U162,0.010313309
590002922,U193,1.1441682e-05
590002922,U312,4.13223e-06
590002922,U368,2.2227076e-16
590002923,2008,2.22262e-16
590002923,2012,1.2393438e-08
590002923,2904,2.222581e-16
590002923,U162,0.00020454322
590002923,U193,9.874706e-06
590002923,U312,2.2227484e-16
590002923,U328,2.2225877e-16
590002926,2268,28.388577
590002926,2278,8.239384
590002926,U371,7.037734
590002926,U384,14.023882
590002926,U423,15.057095
590002927,2325,2.222666e-16
590002927,2568,2.2228013e-16
590002927,TZ78,2.2225147e-16
590002927,U505,2.222539e-16
590002935,2000,0.04402074
590002935,2008,3.9704265e-08
590002935,2904,2.2224345e-16
590002935,U162,0.0593098
590002935,U193,1.6318743e-05
590002935,U312,0.00054671604
590002940,2008,2.2227775e-16
590002940,2904,2.2223693e-16
590002940,U162,9.101521e-08
590002940,U193,1.8893765e-07
590002950,2380,48.86533
590002950,2425,83.871346
590002950,2605,52.910698
590002950,2614,16.155123
590002950,2763,28.390888
590002950,2856,66.71439
590002950,2865,43.77625
590002950,U165,54.33797
590002950,U1V5,32.813896
590002950,U304,0.7988075
590002950,U527,23.074638
590002950,U569,13.676326
590002956,2425,40.996395
590002963,2425,71.619835
590002963,2605,35.101387
590002963,2856,87.191025
590002963,2865,32.174812
590002963,U165,14.52502
590002963,U527,24.895803
590002963,U569,15.888781
590002998,2000,2.222591e-16
590002998,2008,2.2227277e-16
590002998,2012,2.2226094e-16
590002998,2107,2.222498e-16
590002998,2904,2.2230435e-16
590002998,U162,1.4968267e-08
590002998,U193,2.2226203e-16
590002998,U312,2.223074e-16
590002998,U313,2.222784e-16
590003044,2380,148.88783
590003044,2425,281.14468
590003044,2605,160.247
590003044,2614,140.302
590003044,2763,58.769585
590003044,2856,165.68924
590003044,2865,150.41328
590003044,U165,71.93086
590003044,U1V5,45.690918
590003044,U527,89.62366
590003044,U569,45.948944
590003175,2380,53.63376
590003175,2425,83.64258
590003175,2605,44.416878
590003175,2614,30.23502
590003175,2763,36.87629
590003175,2856,93.30221
590003175,2865,42.82035
590003175,U165,54.255917
590003175,U1V5,26.893711
590003175,U527,28.786472
590003175,U569,13.093587
590003309,2000,170.20969
590003309,2008,248.52011
590003309,2012,310.03632
590003309,2021,410.25504
590003309,2107,197.52554
590003309,2268,1020.02606
590003309,2278,1458.3734
590003309,2316,483.90186
590003309,2325,1506.3451
590003309,2568,1769.2222
590003309,2587,631.5818
590003309,2899,1053.9089
590003309,2904,340.99838
590003309,2927,365.91788
590003309,TZ78,1090.5454
590003309,U065,838.98035
590003309,U155,330.46408
590003309,U162,267.6524
590003309,U167,210.77972
590003309,U168,419.84906
590003309,U182,78.37968
590003309,U193,199.87347
590003309,U1WQ,707.97876
590003309,U301,1044.3323
590003309,U311,243.37964
590003309,U312,510.3918
590003309,U313,206.65117
590003309,U328,200.26613
590003309,U339,254.0353
590003309,U368,116.632614
590003309,U371,403.33524
590003309,U384,808.83136
590003309,U423,1136.3503
590003309,U456,519.278
590003309,U505,653.7209
590003309,U538,342.40323
590003309,U658,237.87323
590003309,U980,480.06766
590003311,2325,31.94846
590003315,2021,2.2223942e-16
590003315,2107,2.22244e-16
590003315,U658,2.22258e-16
590003467,3078,2.2225028e-16
590003472,2021,2.2221375e-16
590003472,2137,107.82884
590003472,2796,94.75359
590003472,2836,67.88605
590003472,2850,199.39166
590003472,2852,103.04308
590003472,2894,111.51402
590003472,2910,114.76521
590003472,3053,88.53399
590003472,3078,114.21898
590003472,3080,94.3025
590003472,TJF0,51.972294
590003472,TZ33,128.78262
590003472,U19S,90.830154
590003472,U355,72.718704
590003472,U482,135.76152
590003475,2425,2.2229162e-16
590003475,2605,8.723306
590003475,2852,4.1902165
590003475,U482,1.3606786
590003476,2425,2.2227166e-16
590003476,2605,8.82718
590003476,2836,2.2226645e-16
590003486,2852,8.868317
590003486,3078,25.44807
590003486,3080,6.4946404
590003486,U482,10.335088
590003490,2021,2.2226145e-16
590003515,2133,1805.3674
590003515,2137,553.1162
590003515,2268,450.62234
590003515,2278,159.61754
590003515,2796,659.29724
590003515,2797,224.42
590003515,2836,1407.2494
590003515,2850,1777.9387
590003515,2852,907.2582
590003515,2894,244.83687
590003515,2910,662.0885
590003515,3053,496.22955
590003515,3078,730.7767
590003515,3080,1064.672
590003515,TJF0,1148.875
590003515,TZ33,526.30914
590003515,U19S,619.1269
590003515,U304,691.6089
590003515,U355,448.80566
590003515,U456,17.391623
590003515,U482,472.11392
590003515,U546,39.95944
590003516,2000,20.194674
590003516,2008,84.8124
590003516,2012,12.335266
590003516,2021,66.57244
590003516,2107,44.754345
590003516,2133,915.34576
590003516,2137,349.5157
590003516,2268,365.2899
590003516,2278,191.39209
590003516,2796,424.964
590003516,2797,165.38522
590003516,2836,914.78906
590003516,2850,941.0269
590003516,2852,1151.8434
590003516,2894,151.37471
590003516,2910,512.19763
590003516,2927,78.53767
590003516,3053,456.40396
590003516,3078,540.3248
590003516,3080,727.9679
590003516,TJF0,766.2503
590003516,TZ33,381.6123
590003516,U155,36.886215
590003516,U162,18.958706
590003516,U182,7.3761477
590003516,U19S,288.23364
590003516,U304,573.08
590003516,U312,93.00134
590003516,U313,15.809586
590003516,U328,55.13493
590003516,U355,239.91327
590003516,U368,36.573925
590003516,U456,6.415809
590003516,U482,370.92404
590003516,U546,12.113623
590003516,U658,38.45442
590003517,2278,918.227
590003517,2894,512.98755
590003517,2910,0.04129035
590003517,3078,5.223113
590003517,3080,1031.6581
590003517,U456,17.634695
590003522,2268,34.771107
590003522,2278,45.199257
590003531,2012,24.609415
590003531,2133,8.169362e-07
590003531,2137,4.0506562e-05
590003531,2268,107.32384
590003531,2278,125.46901
590003531,2796,6.260125e-07
590003531,2797,0.12863305
590003531,2836,21.242496
590003531,2850,0.29528087
590003531,2852,1.3324292e-05
590003531,2894,0.11021488
590003531,2904,0.5022431
590003531,2910,9.93982e-07
590003531,2927,4.5762024
590003531,3053,2.2226767e-16
590003531,3078,7.0025862e-06
590003531,3080,4.3624354e-05
590003531,TJF0,90.67632
590003531,TZ33,0.0020013559
590003531,U162,17.434772
590003531,U193,31.548885
590003531,U19S,0.0005045392
590003531,U304,2.5598216
590003531,U312,14.353897
590003531,U355,2.222328e-16
590003532,2012,23.864466
590003532,2021,4.281112
590003532,2107,18.43628
590003532,2133,0.023794362
590003532,2137,0.16910924
590003532,2268,47.34782
590003532,2278,53.618584
590003532,2796,4.406044
590003532,2797,2.4753447
590003532,2836,4.871588
590003532,2850,1.5161152
590003532,2852,0.069134966
590003532,2894,0.12657657
590003532,2910,0.42232773
590003532,2927,13.754432
590003532,3053,0.07164067
590003532,3078,1.3855771
590003532,3080,2.6324493e-05
590003532,TJF0,65.13348
590003532,TZ33,2.9596382e-08
590003532,U155,37.74467
590003532,U162,38.177795
590003532,U193,43.072933
590003532,U19S,0.37980154
590003532,U304,3.1317341
590003532,U328,49.47475
590003532,U355,0.0007331569
590003532,U384,19.792738
590003532,U456,24.150097
590003532,U546,2.222661e-16
590003532,U889,1.7234747e-06
590003533,2137,2.2226555e-16
590003533,2268,63.799023
590003533,2278,69.03207
590003533,TJF0,111.082146
590003534,2137,2.2225668e-16
590003540,2278,53.487076
590003540,2836,6.8440747
590003540,TZ33,0.26523247
590003540,U546,1.0591248e-06
590003541,2278,50.14618
590003541,2836,3.3748895e-06
590003543,2278,12.713397
590003543,2796,2.222676e-16
590003543,3080,0.6715971
590003543,U304,1.9914443
590003543,U482,0.4687953
590003544,2278,21.174952
590003546,2268,170.30179
590003546,2278,143.07547
590003546,2836,28.244308
590003546,U304,7.4116473
590003547,2268,32.496655
590003547,2278,26.598183
590003547,2927,2.6287189
590003548,2133,79.505424
590003548,2137,112.36386
590003548,2278,263.0906
590003548,2796,54.213135
590003548,2836,115.760895
590003548,2850,228.29495
590003548,2852,202.93402
590003548,2894,65.483505
590003548,2910,52.774315
590003548,3078,73.42175
590003548,3080,198.3282
590003548,TJF0,31.173563
590003548,TZ33,137.87724
590003548,U19S,81.60329
590003548,U482,164.29695
590003549,2268,40.050407
590003549,2278,36.070522
590003550,2278,198.95651
590003550,2836,112.21123
590003553,2587,2.222252e-16
590003553,TZ78,2.2223275e-16
590003553,U168,2.2225425e-16
590003553,U1WQ,2.2227704e-16
590003553,U980,2.222904e-16
590003556,2278,41.279713
590003556,U569,2.2221134e-16
590003561,U304,2.2224638e-16
590003563,2012,13.110122
590003563,2904,0.507161
590003563,U304,2.222649e-16
590003599,2021,2.2224848e-16
590003604,2268,0.0002502399
590003627,2425,3.884624
590003627,2856,6.880346e-05
590003661,2894,240.06987
590003662,2268,193.16164
590003662,2278,82.46697
590003662,2904,0.14827909
590003662,U193,3.8209972
590003662,U456,2.1834416
590003662,U889,2.2226425e-16
590003741,2000,0.0018641695
590003741,2012,2.2227582e-16
590003741,2927,2.2228813e-16
590004088,2325,2.222484e-16
590004102,2268,28.457802
590004102,2278,33.97343
590004108,2850,12.483041
590004128,2278,23.254679
590004128,U165,14.192884
590004133,2425,96.38892
590004133,2605,44.741074
590004133,2614,11.77531
590004133,2763,0.0154996915
590004133,2856,53.269924
590004133,2865,26.267591
590004133,U165,25.076712
590004133,U1V5,20.364586
590004153,2268,114.72678
590004153,2278,87.1183
590004153,U165,1.4230243e-06
590004156,2796,2.2231235e-16
590004169,2000,2.222715e-16
590004169,2008,2.2223876e-16
590004169,2012,2.2226438e-16
590004169,2021,2.2225562e-16
590004169,2107,2.2224715e-16
590004169,2133,2.2226486e-16
590004169,2137,2.222434e-16
590004169,2268,4.273774
590004169,2278,13.172917
590004169,2380,2.222295e-16
590004169,2605,2.2225446e-16
590004169,2614,2.2226396e-16
590004169,2763,2.2227624e-16
590004169,2796,2.2224543e-16
590004169,2797,2.2225366e-16
590004169,2836,2.2225552e-16
590004169,2850,0.060046867
590004169,2852,2.2227788e-16
590004169,2856,2.2223423e-16
590004169,2894,2.222823e-16
590004169,2904,2.2223442e-16
590004169,2910,2.2226295e-16
590004169,2927,2.2226295e-16
590004169,3053,2.2223905e-16
590004169,3080,8.1660255e-06
590004169,U155,2.2224207e-16
590004169,U162,2.2226039e-16
590004169,U165,2.2226486e-16
590004169,U182,2.2227426e-16
590004169,U193,2.2222198e-16
590004169,U312,2.2225885e-16
590004169,U313,2.2229128e-16
590004169,U328,2.2228312e-16
590004169,U355,2.2226494e-16
590004169,U368,2.222816e-16
590004169,U371,2.2228183e-16
590004169,U384,2.2226764e-16
590004169,U423,2.2226512e-16
590004169,U482,2.2227518e-16
590004169,U527,2.2227487e-16
590004169,U538,2.2227142e-16
590004169,U569,2.222538e-16
590004169,U658,2.2224755e-16
590004212,2008,2.2225313e-16
590004212,2904,2.2222537e-16
590004212,U162,1.8037204e-09
590004212,U193,2.2228474e-16
590004212,U312,2.2222672e-16
590004212,U328,2.2222613e-16
590004223,2137,0.8485139
590004440,TZ33,2.2225642e-16
590004475,2012,2.2229705e-16
590004478,2012,2.2226184e-16
590004720,2021,4.368564
590004720,U162,11.630991
590004720,U328,0.44098842
590004722,2000,4.6471405
590004722,2008,0.00039440024
590004722,2012,7.7896543
590004722,2021,8.505567
590004722,2107,0.00057690893
590004722,2904,10.071387
590004722,2927,2.222557e-16
590004722,3078,24.060415
590004722,3080,28.941523
590004722,TJF0,3.074769
590004722,TZ33,0.78523314
590004722,U155,2.2228328e-16
590004722,U162,0.60515976
590004722,U182,0.69410294
590004722,U193,12.4936495
590004722,U312,2.2224278e-16
590004722,U313,0.0005222313
590004722,U328,2.7001932
590004722,U368,2.222982e-16
590004722,U482,22.617872
590004722,U658,2.2227547e-16
590006829,2133,17.289782
590006829,2137,10.76631
590006829,2796,9.530905
590006829,2852,17.86856
590006829,2894,2.392215
590006829,2910,13.306759
590006829,3053,8.338569
590006829,3080,20.857391
590006829,TZ33,21.125437
590006829,U19S,18.476418
590006829,U482,15.786494
590007564,2021,6.514413
590007564,2107,10.528037
590007607,2325,2.222997e-16
590007607,TZ78,2.2227174e-16
590007607,U301,2.2231124e-16
590007696,2000,2.222773e-16
590007696,2852,2.222771e-16
590007696,U456,0.34035996
590007699,3053,2.2225798e-16
590007755,TZ78,2.2225043e-16
590007766,2852,1.2418748
590007766,3078,0.0068446295
590007766,U482,1.7234613
590007802,2316,2.222887e-16
590007802,2325,0.00082619017
590007802,2568,2.222745e-16
590007802,2587,1.7772538e-05
590007802,2899,2.22254e-16
590007802,TZ78,0.00045567518
590007802,U065,2.2229445e-16
590007802,U167,2.2225954e-16
590007802,U168,2.2228154e-16
590007802,U1WQ,2.2226362e-16
590007802,U301,2.22284e-16
590007802,U505,2.222708e-16
590008027,2000,132.77147
590008027,2012,9.1847725
590008027,2021,17.767847
590008027,2107,23.812521
590008027,2904,26.584852
590008027,U155,14.012353
590008027,U162,47.15348
590008027,U182,6.032343
590008027,U193,41.245556
590008027,U312,65.2493
590008027,U313,8.808557
590008027,U328,34.143085
590008027,U368,30.177433
590008027,U658,94.992165
590008488,2836,5.718035e-05
590009637,2137,310.6914
590009637,2380,8.645831
590009637,2425,72.26579
590009637,2605,185.8783
590009637,2614,7.337168
590009637,2763,12.028865
590009637,2856,6.4177165
590009637,2865,0.092468545
590009637,2894,504.976
590009637,2910,158.15755
590009637,3053,34.259937
590009637,3080,132.56357
590009637,TZ33,59.923103
590009637,U165,0.18146579
590009637,U19S,135.55844
590009637,U1V5,115.3576
590009637,U527,2.2227854e-16
590009637,U546,1.3688543
590009637,U569,2.2228964e-16
590009655,2000,3.2779784
590009655,2008,1.1340529
590009655,2012,0.09994037
590009655,2021,1.9022659
590009655,2107,2.0284438
590009655,2137,4.099693
590009655,2796,6.8608494
590009655,2836,9.334314
590009655,2850,10.601694
590009655,2904,2.4052362
590009655,2910,8.371214
590009655,2927,0.62048364
590009655,3053,2.5511758
590009655,3080,3.2542412
590009655,U155,0.0045554023
590009655,U162,1.0207571
590009655,U182,0.07956054
590009655,U193,1.8616558
590009655,U312,2.6957178
590009655,U313,3.3181273e-06
590009655,U328,1.8686787
590009655,U368,2.2225276e-16
590009655,U482,9.149913
590009655,U658,0.07650341
590009659,2268,2.2223614e-16
590009659,2278,2.2226666e-16
590009659,U384,2.2225824e-16
590009659,U423,2.2224225e-16
590009659,U538,2.2225745e-16
590009724,2278,1.178069e-09
590009852,2894,2.2224848e-16
590009853,2133,3.3766112
590009853,2137,17.477917
590009853,2796,1.1023687
590009853,2797,0.18003574
590009853,2836,1.4665931
590009853,2850,7.6435313
590009853,2894,15.069254
590009853,2910,15.127125
590009853,3053,14.781953
590009853,3078,6.7578726
590009853,3080,11.753707
590009853,TZ33,3.980973
590009853,U304,5.9320893
590009853,U482,6.4899707
590009853,U546,0.6177777
590009853,U889,20.07723
590009854,2133,2.4591277
590009854,2137,15.635808
590009854,2796,2.09505
590009854,2797,0.054922238
590009854,2836,2.1133132
590009854,2850,7.273115
590009854,2852,4.2547336
590009854,2894,12.086278
590009854,2910,14.549508
590009854,3053,8.600797
590009854,3078,5.3383617
590009854,3080,7.5166087
590009854,TZ33,2.6718545
590009854,U19S,7.912025e-07
590009854,U304,0.015425369
590009854,U482,2.7627294
590009854,U546,5.7932835
590009854,U889,18.485195
590009855,2137,17.791216
590009855,2836,1.5119256
590009855,2894,3.5753753
590009855,3078,3.3536956
590009855,3080,3.8610382
590009855,TZ33,2.8984237
590009855,U482,1.1385082
590009857,TZ33,2.2228956e-16
590009857,U304,2.2223585e-16
590009857,U889,2.222637e-16
590009858,TZ33,2.222419e-16
590010011,2325,2.2228916e-16
590010011,U168,2.2223574e-16
590010011,U301,2.2227637e-16
590010025,2000,2.222618e-16
590010025,2008,2.222871e-16
590010025,2012,2.2227307e-16
590010025,2904,2.2229678e-16
590010025,2927,2.222776e-16
590010025,U162,2.222881e-16
590010025,U312,2.2228818e-16
590010025,U313,2.2229e-16
590010025,U328,2.2226565e-16
600011221,2836,2.2225896e-16
600011222,2850,2.2225062e-16
