metric,NHits_aku,TCN_aku,TFT_aku
PRECISION W-1,,,
PRECISION W-2,,,
PRECISION W-3,,,
PRECISION W-4,,,
PRECISION W-5,,,
PRECISION W-6,,,
PRECISION W-7,,,
PRECISION W-8,,,
PRECISION W-9,,,
PRECISION W-10,,,
PRECISION W-11,,,
PRECISION W-12,,,
PRECISION W-13,,,
PRECISION W-14,,,
PRECISION W-15,,,
PRECISION W-16,,,
PRECISION W-17,,,
PRECISION W-18,,,
PRECISION W-19,,,
PRECISION W-20,,,
PRECISION W-21,,,
PRECISION W-22,,,
PRECISION W-23,,,
PRECISION W-24,,,
PRECISION W-25,,,
PRECISION W-26,,,
PRECISION W-27,,,
PRECISION W-28,,,
PRECISION W-29,,,
PRECISION W-30,,,
PRECISION W-31,,,
PRECISION W-32,,,
PRECISION W-33,,,
PRECISION W-34,,,
PRECISION W-35,,,
PRECISION W-36,,,
PRECISION W-37,,,
PRECISION W-38,,,
PRECISION W-39,,,
PRECISION W-40,,,
PRECISION W-41,,,
PRECISION W-42,,,
PRECISION W-43,,,
PRECISION W-44,,,
PRECISION W-45,,,
PRECISION W-46,,,
PRECISION W-47,,,
PRECISION W-48,,,
PRECISION W-49,,,
PRECISION W-50,,,
PRECISION W-51,,,
PRECISION W-52,,,
