metric,NHits_aku,TCN_aku,TFT_aku
RECALL-W W-1,0.0,0.0,0.0
RECALL-W W-2,0.0,0.0,0.0
RECALL-W W-3,0.0,0.0,0.0
RECALL-W W-4,0.0,0.0,0.0
RECALL-W W-5,0.0,0.0,0.0
RECALL-W W-6,0.0,0.0,0.0
RECALL-W W-7,0.0,0.0,0.0
RECALL-W W-8,0.0,0.0,0.0
RECALL-W W-9,0.0,0.0,0.0
RECALL-W W-10,0.0,0.0,0.0
RECALL-W W-11,0.0,0.0,0.0
RECALL-W W-12,0.0,0.0,0.0
RECALL-W W-13,0.0,0.0,0.0
RECALL-W W-14,0.0,0.0,0.0
RECALL-W W-15,0.0,0.0,0.0
RECALL-W W-16,0.0,0.0,0.0
RECALL-W W-17,0.0,0.0,0.0
RECALL-W W-18,0.0,0.0,0.0
RECALL-W W-19,0.0,0.0,0.0
RECALL-W W-20,0.0,0.0,0.0
RECALL-W W-21,0.0,0.0,0.0
RECALL-W W-22,0.0,0.0,0.0
RECALL-W W-23,0.0,0.0,0.0
RECALL-W W-24,0.0,0.0,0.0
RECALL-W W-25,0.0,0.0,0.0
RECALL-W W-26,0.0,0.0,0.0
RECALL-W W-27,0.0,0.0,0.0
RECALL-W W-28,0.0,0.0,0.0
RECALL-W W-29,0.0,0.0,0.0
RECALL-W W-30,0.0,0.0,0.0
RECALL-W W-31,0.0,0.0,0.0
RECALL-W W-32,0.0,0.0,0.0
RECALL-W W-33,0.0,0.0,0.0
RECALL-W W-34,0.0,0.0,0.0
RECALL-W W-35,0.0,0.0,0.0
RECALL-W W-36,0.0,0.0,0.0
RECALL-W W-37,0.0,0.0,0.0
RECALL-W W-38,0.0,0.0,0.0
RECALL-W W-39,0.0,0.0,0.0
RECALL-W W-40,0.0,0.0,0.0
RECALL-W W-41,0.0,0.0,0.0
RECALL-W W-42,0.0,0.0,0.0
RECALL-W W-43,0.0,0.0,0.0
RECALL-W W-44,0.0,0.0,0.0
RECALL-W W-45,0.0,0.0,0.0
RECALL-W W-46,0.0,0.0,0.0
RECALL-W W-47,0.0,0.0,0.0
RECALL-W W-48,0.0,0.0,0.0
RECALL-W W-49,0.0,0.0,0.0
RECALL-W W-50,0.0,0.0,0.0
RECALL-W W-51,0.0,0.0,0.0
RECALL-W W-52,0.0,0.0,0.0
