metric,NHits_aku,TCN_aku,TFT_aku
PRECISION-W W-1,,,
PRECISION-W W-2,,,
PRECISION-W W-3,,,
PRECISION-W W-4,,,
PRECISION-W W-5,,,
PRECISION-W W-6,,,
PRECISION-W W-7,,,
PRECISION-W W-8,,,
PRECISION-W W-9,,,
PRECISION-W W-10,,,
PRECISION-W W-11,,,
PRECISION-W W-12,,,
PRECISION-W W-13,,,
PRECISION-W W-14,,,
PRECISION-W W-15,,,
PRECISION-W W-16,,,
PRECISION-W W-17,,,
PRECISION-W W-18,,,
PRECISION-W W-19,,,
PRECISION-W W-20,,,
PRECISION-W W-21,,,
PRECISION-W W-22,,,
PRECISION-W W-23,,,
PRECISION-W W-24,,,
PRECISION-W W-25,,,
PRECISION-W W-26,,,
PRECISION-W W-27,,,
PRECISION-W W-28,,,
PRECISION-W W-29,,,
PRECISION-W W-30,,,
PRECISION-W W-31,,,
PRECISION-W W-32,,,
PRECISION-W W-33,,,
PRECISION-W W-34,,,
PRECISION-W W-35,,,
PRECISION-W W-36,,,
PRECISION-W W-37,,,
PRECISION-W W-38,,,
PRECISION-W W-39,,,
PRECISION-W W-40,,,
PRECISION-W W-41,,,
PRECISION-W W-42,,,
PRECISION-W W-43,,,
PRECISION-W W-44,,,
PRECISION-W W-45,,,
PRECISION-W W-46,,,
PRECISION-W W-47,,,
PRECISION-W W-48,,,
PRECISION-W W-49,,,
PRECISION-W W-50,,,
PRECISION-W W-51,,,
PRECISION-W W-52,,,
