metric,NHits_aku,TCN_aku,TFT_aku
RECALL W-1,0.0,0.0,0.0
RECALL W-2,0.0,0.0,0.0
RECALL W-3,0.0,0.0,0.0
RECALL W-4,0.0,0.0,0.0
RECALL W-5,0.0,0.0,0.0
RECALL W-6,0.0,0.0,0.0
RECALL W-7,0.0,0.0,0.0
RECALL W-8,0.0,0.0,0.0
RECALL W-9,0.0,0.0,0.0
RECALL W-10,0.0,0.0,0.0
RECALL W-11,0.0,0.0,0.0
RECALL W-12,0.0,0.0,0.0
RECALL W-13,0.0,0.0,0.0
RECALL W-14,0.0,0.0,0.0
RECALL W-15,0.0,0.0,0.0
RECALL W-16,0.0,0.0,0.0
RECALL W-17,0.0,0.0,0.0
RECALL W-18,0.0,0.0,0.0
RECALL W-19,0.0,0.0,0.0
RECALL W-20,0.0,0.0,0.0
RECALL W-21,0.0,0.0,0.0
RECALL W-22,0.0,0.0,0.0
RECALL W-23,0.0,0.0,0.0
RECALL W-24,0.0,0.0,0.0
RECALL W-25,0.0,0.0,0.0
RECALL W-26,0.0,0.0,0.0
RECALL W-27,0.0,0.0,0.0
RECALL W-28,0.0,0.0,0.0
RECALL W-29,0.0,0.0,0.0
RECALL W-30,0.0,0.0,0.0
RECALL W-31,0.0,0.0,0.0
RECALL W-32,0.0,0.0,0.0
RECALL W-33,0.0,0.0,0.0
RECALL W-34,0.0,0.0,0.0
RECALL W-35,0.0,0.0,0.0
RECALL W-36,0.0,0.0,0.0
RECALL W-37,0.0,0.0,0.0
RECALL W-38,0.0,0.0,0.0
RECALL W-39,0.0,0.0,0.0
RECALL W-40,0.0,0.0,0.0
RECALL W-41,0.0,0.0,0.0
RECALL W-42,0.0,0.0,0.0
RECALL W-43,0.0,0.0,0.0
RECALL W-44,0.0,0.0,0.0
RECALL W-45,0.0,0.0,0.0
RECALL W-46,0.0,0.0,0.0
RECALL W-47,0.0,0.0,0.0
RECALL W-48,0.0,0.0,0.0
RECALL W-49,0.0,0.0,0.0
RECALL W-50,0.0,0.0,0.0
RECALL W-51,0.0,0.0,0.0
RECALL W-52,0.0,0.0,0.0
